1791166607,a3_ray_worker_a,13.98%,2.877GiB / 8GiB
1791166607,a3_ray_worker_b,185.52%,3.063GiB / 8GiB
1791166607,a3_ray_head,80.35%,1.323GiB / 4GiB
1791166611,a3_ray_worker_a,552.63%,5.638GiB / 8GiB
1791166611,a3_ray_worker_b,69.41%,6.85GiB / 8GiB
1791166611,a3_ray_head,116.59%,1.329GiB / 4GiB
1791166614,a3_ray_worker_a,261.76%,6.545GiB / 8GiB
1791166614,a3_ray_worker_b,302.55%,6.451GiB / 8GiB
1791166614,a3_ray_head,91.14%,1.328GiB / 4GiB
1791166617,a3_ray_worker_a,364.01%,6.838GiB / 8GiB
1791166617,a3_ray_worker_b,333.09%,7.211GiB / 8GiB
1791166617,a3_ray_head,73.09%,1.364GiB / 4GiB
1791166620,a3_ray_worker_a,186.53%,6.989GiB / 8GiB
1791166620,a3_ray_worker_b,272.09%,7.329GiB / 8GiB
1791166620,a3_ray_head,75.86%,1.367GiB / 4GiB
1791166624,a3_ray_worker_a,108.17%,7.564GiB / 8GiB
1791166624,a3_ray_worker_b,7.55%,7.317GiB / 8GiB
1791166624,a3_ray_head,12.85%,1.368GiB / 4GiB
1791166627,a3_ray_worker_a,8.05%,7.021GiB / 8GiB
1791166627,a3_ray_worker_b,120.51%,7.804GiB / 8GiB
1791166627,a3_ray_head,49.47%,1.404GiB / 4GiB
1791166630,a3_ray_worker_a,7.31%,7.012GiB / 8GiB
1791166630,a3_ray_worker_b,221.66%,6.941GiB / 8GiB
1791166630,a3_ray_head,33.54%,1.404GiB / 4GiB
1791166634,a3_ray_worker_a,64.86%,7.009GiB / 8GiB
1791166634,a3_ray_worker_b,108.24%,6.843GiB / 8GiB
1791166634,a3_ray_head,25.61%,1.405GiB / 4GiB
1791166637,a3_ray_worker_a,117.41%,6.846GiB / 8GiB
1791166637,a3_ray_worker_b,13.88%,7.013GiB / 8GiB
1791166637,a3_ray_head,55.71%,1.411GiB / 4GiB
1791166640,a3_ray_worker_a,188.51%,7.046GiB / 8GiB
1791166640,a3_ray_worker_b,179.24%,7GiB / 8GiB
1791166640,a3_ray_head,36.74%,1.412GiB / 4GiB
1791166643,a3_ray_worker_a,6.62%,7.048GiB / 8GiB
1791166643,a3_ray_worker_b,109.37%,6.981GiB / 8GiB
1791166643,a3_ray_head,11.72%,1.413GiB / 4GiB
1791166647,a3_ray_worker_a,114.84%,6.881GiB / 8GiB
1791166647,a3_ray_worker_b,7.13%,7.064GiB / 8GiB
1791166647,a3_ray_head,13.50%,1.415GiB / 4GiB
1791166650,a3_ray_worker_a,8.50%,7.084GiB / 8GiB
1791166650,a3_ray_worker_b,108.90%,6.695GiB / 8GiB
1791166650,a3_ray_head,61.56%,1.415GiB / 4GiB
1791166653,a3_ray_worker_a,244.04%,6.296GiB / 8GiB
1791166653,a3_ray_worker_b,165.58%,7.099GiB / 8GiB
1791166653,a3_ray_head,13.64%,1.416GiB / 4GiB
1791166656,a3_ray_worker_a,204.47%,7.108GiB / 8GiB
1791166656,a3_ray_worker_b,102.48%,7.105GiB / 8GiB
1791166656,a3_ray_head,15.68%,1.419GiB / 4GiB
1791166660,a3_ray_worker_a,8.14%,7.096GiB / 8GiB
1791166660,a3_ray_worker_b,109.65%,6.949GiB / 8GiB
1791166660,a3_ray_head,18.41%,1.42GiB / 4GiB
1791166663,a3_ray_worker_a,160.56%,6.943GiB / 8GiB
1791166663,a3_ray_worker_b,61.88%,7.078GiB / 8GiB
1791166663,a3_ray_head,42.81%,1.421GiB / 4GiB
1791166666,a3_ray_worker_a,47.44%,7.108GiB / 8GiB
1791166666,a3_ray_worker_b,79.12%,6.068GiB / 8GiB
1791166666,a3_ray_head,50.53%,1.42GiB / 4GiB
1791166669,a3_ray_worker_a,49.15%,7.119GiB / 8GiB
1791166669,a3_ray_worker_b,138.61%,7.072GiB / 8GiB
1791166669,a3_ray_head,16.95%,1.42GiB / 4GiB
1791166673,a3_ray_worker_a,106.64%,6.962GiB / 8GiB
1791166673,a3_ray_worker_b,7.11%,7.062GiB / 8GiB
1791166673,a3_ray_head,12.83%,1.42GiB / 4GiB
1791166676,a3_ray_worker_a,11.46%,7.112GiB / 8GiB
1791166676,a3_ray_worker_b,98.42%,6.494GiB / 8GiB
1791166676,a3_ray_head,71.80%,1.424GiB / 4GiB
1791166679,a3_ray_worker_a,97.78%,6.259GiB / 8GiB
1791166679,a3_ray_worker_b,138.59%,7.138GiB / 8GiB
1791166679,a3_ray_head,12.57%,1.424GiB / 4GiB
1791166683,a3_ray_worker_a,276.89%,7.236GiB / 8GiB
1791166683,a3_ray_worker_b,240.52%,7.141GiB / 8GiB
1791166683,a3_ray_head,12.98%,1.446GiB / 4GiB
1791166686,a3_ray_worker_a,67.57%,6.479GiB / 8GiB
1791166686,a3_ray_worker_b,232.12%,6.608GiB / 8GiB
1791166686,a3_ray_head,48.92%,1.451GiB / 4GiB
1791166689,a3_ray_worker_a,7.22%,6.541GiB / 8GiB
1791166689,a3_ray_worker_b,107.53%,7.131GiB / 8GiB
1791166689,a3_ray_head,36.16%,1.452GiB / 4GiB
1791166692,a3_ray_worker_a,107.64%,6.897GiB / 8GiB
1791166692,a3_ray_worker_b,6.78%,7.346GiB / 8GiB
1791166692,a3_ray_head,13.14%,1.455GiB / 4GiB
1791166696,a3_ray_worker_a,45.49%,7.054GiB / 8GiB
1791166696,a3_ray_worker_b,108.83%,7.169GiB / 8GiB
1791166696,a3_ray_head,13.61%,1.463GiB / 4GiB
1791166699,a3_ray_worker_a,248.83%,6.486GiB / 8GiB
1791166699,a3_ray_worker_b,8.34%,7.439GiB / 8GiB
1791166699,a3_ray_head,61.19%,1.462GiB / 4GiB
1791166702,a3_ray_worker_a,213.23%,7.047GiB / 8GiB
1791166702,a3_ray_worker_b,119.40%,6.418GiB / 8GiB
1791166702,a3_ray_head,42.79%,1.464GiB / 4GiB
1791166705,a3_ray_worker_a,216.60%,7.069GiB / 8GiB
1791166705,a3_ray_worker_b,206.63%,7.458GiB / 8GiB
1791166705,a3_ray_head,29.68%,1.466GiB / 4GiB
1791166709,a3_ray_worker_a,97.29%,7.149GiB / 8GiB
1791166709,a3_ray_worker_b,83.57%,7.542GiB / 8GiB
1791166709,a3_ray_head,37.28%,1.473GiB / 4GiB
1791166712,a3_ray_worker_a,7.88%,7.149GiB / 8GiB
1791166712,a3_ray_worker_b,108.64%,7.525GiB / 8GiB
1791166712,a3_ray_head,12.89%,1.476GiB / 4GiB
1791166715,a3_ray_worker_a,119.86%,6.949GiB / 8GiB
1791166715,a3_ray_worker_b,23.71%,7.52GiB / 8GiB
1791166715,a3_ray_head,34.03%,1.481GiB / 4GiB
1791166719,a3_ray_worker_a,13.29%,7.341GiB / 8GiB
1791166719,a3_ray_worker_b,114.89%,7.306GiB / 8GiB
1791166719,a3_ray_head,26.89%,1.485GiB / 4GiB
1791166722,a3_ray_worker_a,109.70%,7.22GiB / 8GiB
1791166722,a3_ray_worker_b,234.02%,7.522GiB / 8GiB
1791166722,a3_ray_head,13.86%,1.492GiB / 4GiB
1791166725,a3_ray_worker_a,81.00%,7.232GiB / 8GiB
1791166725,a3_ray_worker_b,107.09%,7.16GiB / 8GiB
1791166725,a3_ray_head,62.84%,1.497GiB / 4GiB
1791166728,a3_ray_worker_a,139.14%,7.229GiB / 8GiB
1791166728,a3_ray_worker_b,16.52%,7.475GiB / 8GiB
1791166728,a3_ray_head,39.70%,1.498GiB / 4GiB
1791166732,a3_ray_worker_a,250.73%,7.229GiB / 8GiB
1791166732,a3_ray_worker_b,61.40%,6.269GiB / 8GiB
1791166732,a3_ray_head,34.41%,1.501GiB / 4GiB
1791166735,a3_ray_worker_a,8.03%,7.208GiB / 8GiB
1791166735,a3_ray_worker_b,277.13%,7.484GiB / 8GiB
1791166735,a3_ray_head,42.52%,1.505GiB / 4GiB
1791166738,a3_ray_worker_a,200.46%,7.337GiB / 8GiB
1791166738,a3_ray_worker_b,208.61%,7.571GiB / 8GiB
1791166738,a3_ray_head,21.42%,1.506GiB / 4GiB
1791166741,a3_ray_worker_a,6.90%,7.259GiB / 8GiB
1791166741,a3_ray_worker_b,108.09%,7.389GiB / 8GiB
1791166741,a3_ray_head,15.45%,1.51GiB / 4GiB
1791166745,a3_ray_worker_a,151.83%,6.949GiB / 8GiB
1791166745,a3_ray_worker_b,57.86%,6.892GiB / 8GiB
1791166745,a3_ray_head,33.50%,1.513GiB / 4GiB
1791166748,a3_ray_worker_a,65.96%,7.325GiB / 8GiB
1791166748,a3_ray_worker_b,119.72%,7.15GiB / 8GiB
1791166748,a3_ray_head,14.78%,1.516GiB / 4GiB
1791166751,a3_ray_worker_a,168.33%,7.486GiB / 8GiB
1791166751,a3_ray_worker_b,269.42%,6.83GiB / 8GiB
1791166751,a3_ray_head,57.74%,1.52GiB / 4GiB
1791166754,a3_ray_worker_a,150.80%,5.231GiB / 8GiB
1791166754,a3_ray_worker_b,54.60%,7.083GiB / 8GiB
1791166754,a3_ray_head,17.10%,1.519GiB / 4GiB
1791166758,a3_ray_worker_a,106.68%,5.191GiB / 8GiB
1791166758,a3_ray_worker_b,36.66%,6.098GiB / 8GiB
1791166758,a3_ray_head,16.69%,1.522GiB / 4GiB
1791166761,a3_ray_worker_a,7.50%,5.209GiB / 8GiB
1791166761,a3_ray_worker_b,164.20%,7.586GiB / 8GiB
1791166761,a3_ray_head,17.46%,1.525GiB / 4GiB
1791166764,a3_ray_worker_a,107.46%,7.112GiB / 8GiB
1791166764,a3_ray_worker_b,124.29%,6.568GiB / 8GiB
1791166764,a3_ray_head,34.16%,1.526GiB / 4GiB
1791166768,a3_ray_worker_a,7.31%,7.175GiB / 8GiB
1791166768,a3_ray_worker_b,38.56%,4.87GiB / 8GiB
1791166768,a3_ray_head,18.96%,1.533GiB / 4GiB
1791166771,a3_ray_worker_a,7.71%,7.17GiB / 8GiB
1791166771,a3_ray_worker_b,162.52%,6.51GiB / 8GiB
1791166771,a3_ray_head,16.98%,1.532GiB / 4GiB
1791166774,a3_ray_worker_a,109.56%,7.348GiB / 8GiB
1791166774,a3_ray_worker_b,8.34%,6.407GiB / 8GiB
1791166774,a3_ray_head,38.05%,1.54GiB / 4GiB
1791166777,a3_ray_worker_a,227.91%,6.725GiB / 8GiB
1791166777,a3_ray_worker_b,205.05%,6.608GiB / 8GiB
1791166777,a3_ray_head,23.91%,1.539GiB / 4GiB
1791166781,a3_ray_worker_a,51.52%,6.789GiB / 8GiB
1791166781,a3_ray_worker_b,207.93%,5.996GiB / 8GiB
1791166781,a3_ray_head,20.13%,1.54GiB / 4GiB
1791166784,a3_ray_worker_a,104.24%,3.521GiB / 8GiB
1791166784,a3_ray_worker_b,8.08%,5.332GiB / 8GiB
1791166784,a3_ray_head,30.81%,1.545GiB / 4GiB
1791166787,a3_ray_worker_a,81.03%,5.111GiB / 8GiB
1791166787,a3_ray_worker_b,107.89%,4.997GiB / 8GiB
1791166787,a3_ray_head,15.36%,1.55GiB / 4GiB
1791166790,a3_ray_worker_a,155.77%,4.839GiB / 8GiB
1791166790,a3_ray_worker_b,78.67%,5.518GiB / 8GiB
1791166790,a3_ray_head,25.01%,1.551GiB / 4GiB
1791166794,a3_ray_worker_a,40.14%,6.647GiB / 8GiB
1791166794,a3_ray_worker_b,539.01%,5.63GiB / 8GiB
1791166794,a3_ray_head,45.52%,1.555GiB / 4GiB
1791166797,a3_ray_worker_a,8.80%,6.633GiB / 8GiB
1791166797,a3_ray_worker_b,109.03%,7.31GiB / 8GiB
1791166797,a3_ray_head,14.78%,1.549GiB / 4GiB
1791166800,a3_ray_worker_a,8.53%,5.811GiB / 8GiB
1791166800,a3_ray_worker_b,118.86%,7.989GiB / 8GiB
1791166800,a3_ray_head,33.88%,1.55GiB / 4GiB
1791166803,a3_ray_worker_a,7.03%,5.811GiB / 8GiB
1791166803,a3_ray_worker_b,109.12%,7.296GiB / 8GiB
1791166803,a3_ray_head,12.93%,1.551GiB / 4GiB
1791166807,a3_ray_worker_a,50.47%,4.136GiB / 8GiB
1791166807,a3_ray_worker_b,246.17%,7.248GiB / 8GiB
1791166807,a3_ray_head,40.99%,1.56GiB / 4GiB
1791166810,a3_ray_worker_a,131.20%,5.672GiB / 8GiB
1791166810,a3_ray_worker_b,175.35%,6.329GiB / 8GiB
1791166810,a3_ray_head,17.27%,1.561GiB / 4GiB
1791166813,a3_ray_worker_a,182.91%,6.175GiB / 8GiB
1791166813,a3_ray_worker_b,185.59%,6.764GiB / 8GiB
1791166813,a3_ray_head,16.03%,1.563GiB / 4GiB
1791166817,a3_ray_worker_a,138.54%,6.458GiB / 8GiB
1791166817,a3_ray_worker_b,60.99%,6.08GiB / 8GiB
1791166817,a3_ray_head,21.39%,1.564GiB / 4GiB
1791166820,a3_ray_worker_a,7.12%,6.447GiB / 8GiB
1791166820,a3_ray_worker_b,111.21%,7.516GiB / 8GiB
1791166820,a3_ray_head,13.73%,1.564GiB / 4GiB
1791166823,a3_ray_worker_a,8.05%,6.448GiB / 8GiB
1791166823,a3_ray_worker_b,107.57%,4.665GiB / 8GiB
1791166823,a3_ray_head,14.56%,1.568GiB / 4GiB
1791166826,a3_ray_worker_a,109.34%,6.257GiB / 8GiB
1791166826,a3_ray_worker_b,7.16%,4.728GiB / 8GiB
1791166826,a3_ray_head,17.13%,1.57GiB / 4GiB
1791166830,a3_ray_worker_a,108.55%,6.618GiB / 8GiB
1791166830,a3_ray_worker_b,6.09%,4.723GiB / 8GiB
1791166830,a3_ray_head,46.41%,1.572GiB / 4GiB
1791166833,a3_ray_worker_a,378.07%,6.403GiB / 8GiB
1791166833,a3_ray_worker_b,113.11%,5.656GiB / 8GiB
1791166833,a3_ray_head,21.42%,1.575GiB / 4GiB
1791166836,a3_ray_worker_a,182.45%,4.607GiB / 8GiB
1791166836,a3_ray_worker_b,18.40%,4.951GiB / 8GiB
1791166836,a3_ray_head,31.07%,1.578GiB / 4GiB
1791166839,a3_ray_worker_a,106.34%,4.832GiB / 8GiB
1791166839,a3_ray_worker_b,5.80%,4.905GiB / 8GiB
1791166839,a3_ray_head,14.73%,1.579GiB / 4GiB
1791166843,a3_ray_worker_a,245.79%,4.275GiB / 8GiB
1791166843,a3_ray_worker_b,10.40%,4.953GiB / 8GiB
1791166843,a3_ray_head,46.56%,1.581GiB / 4GiB
1791166846,a3_ray_worker_a,90.78%,4.729GiB / 8GiB
1791166846,a3_ray_worker_b,34.04%,5.003GiB / 8GiB
1791166846,a3_ray_head,27.40%,1.585GiB / 4GiB
1791166849,a3_ray_worker_a,118.24%,5.636GiB / 8GiB
1791166849,a3_ray_worker_b,83.99%,5.144GiB / 8GiB
1791166849,a3_ray_head,21.06%,1.587GiB / 4GiB
1791166852,a3_ray_worker_a,600.83%,6.045GiB / 8GiB
1791166852,a3_ray_worker_b,212.06%,5.862GiB / 8GiB
1791166852,a3_ray_head,59.83%,1.599GiB / 4GiB
1791166856,a3_ray_worker_a,590.21%,6.978GiB / 8GiB
1791166856,a3_ray_worker_b,568.59%,7.469GiB / 8GiB
1791166856,a3_ray_head,39.50%,1.602GiB / 4GiB
1791166859,a3_ray_worker_a,592.17%,6.913GiB / 8GiB
1791166859,a3_ray_worker_b,556.95%,6.505GiB / 8GiB
1791166859,a3_ray_head,26.51%,1.605GiB / 4GiB
1791166862,a3_ray_worker_a,438.06%,7.999GiB / 8GiB
1791166862,a3_ray_worker_b,554.65%,6.685GiB / 8GiB
1791166862,a3_ray_head,33.23%,1.606GiB / 4GiB
1791166866,a3_ray_worker_a,447.29%,7.997GiB / 8GiB
1791166866,a3_ray_worker_b,421.16%,7.295GiB / 8GiB
1791166866,a3_ray_head,30.48%,1.611GiB / 4GiB
1791166869,a3_ray_worker_a,277.84%,7.251GiB / 8GiB
1791166869,a3_ray_worker_b,514.11%,6.949GiB / 8GiB
1791166869,a3_ray_head,31.56%,1.613GiB / 4GiB
1791166872,a3_ray_worker_a,273.89%,7.999GiB / 8GiB
1791166872,a3_ray_worker_b,252.60%,6.667GiB / 8GiB
1791166872,a3_ray_head,29.92%,1.614GiB / 4GiB
1791166875,a3_ray_worker_a,209.48%,6.87GiB / 8GiB
1791166875,a3_ray_worker_b,149.78%,6.655GiB / 8GiB
1791166875,a3_ray_head,39.05%,1.617GiB / 4GiB
1791166879,a3_ray_worker_a,355.58%,6.168GiB / 8GiB
1791166879,a3_ray_worker_b,482.18%,7.338GiB / 8GiB
1791166879,a3_ray_head,21.04%,1.617GiB / 4GiB
1791166882,a3_ray_worker_a,600.39%,7.571GiB / 8GiB
1791166882,a3_ray_worker_b,143.17%,3.064GiB / 8GiB
1791166882,a3_ray_head,31.02%,1.618GiB / 4GiB
1791166885,a3_ray_worker_a,285.13%,5.944GiB / 8GiB
1791166885,a3_ray_worker_b,589.93%,6.279GiB / 8GiB
1791166885,a3_ray_head,26.83%,1.62GiB / 4GiB
1791166888,a3_ray_worker_a,350.59%,6.762GiB / 8GiB
1791166888,a3_ray_worker_b,308.42%,7.613GiB / 8GiB
1791166888,a3_ray_head,29.73%,1.621GiB / 4GiB
1791166892,a3_ray_worker_a,346.89%,5.304GiB / 8GiB
1791166892,a3_ray_worker_b,590.70%,7.244GiB / 8GiB
1791166892,a3_ray_head,36.46%,1.62GiB / 4GiB
1791166895,a3_ray_worker_a,551.60%,7.351GiB / 8GiB
1791166895,a3_ray_worker_b,239.91%,7.02GiB / 8GiB
1791166895,a3_ray_head,25.25%,1.623GiB / 4GiB
1791166898,a3_ray_worker_a,262.92%,5.273GiB / 8GiB
1791166898,a3_ray_worker_b,405.58%,7.129GiB / 8GiB
1791166898,a3_ray_head,16.91%,1.623GiB / 4GiB
1791166902,a3_ray_worker_a,454.00%,7.999GiB / 8GiB
1791166902,a3_ray_worker_b,453.79%,7.524GiB / 8GiB
1791166902,a3_ray_head,33.14%,1.624GiB / 4GiB
1791166905,a3_ray_worker_a,303.26%,7.1GiB / 8GiB
1791166905,a3_ray_worker_b,128.17%,4.094GiB / 8GiB
1791166905,a3_ray_head,42.95%,1.627GiB / 4GiB
1791166908,a3_ray_worker_a,124.95%,4.744GiB / 8GiB
1791166908,a3_ray_worker_b,281.33%,6.172GiB / 8GiB
1791166908,a3_ray_head,17.05%,1.627GiB / 4GiB
1791166911,a3_ray_worker_a,383.60%,7.196GiB / 8GiB
1791166911,a3_ray_worker_b,554.67%,6.324GiB / 8GiB
1791166911,a3_ray_head,14.76%,1.627GiB / 4GiB
1791166915,a3_ray_worker_a,442.75%,7.289GiB / 8GiB
1791166915,a3_ray_worker_b,250.55%,6.617GiB / 8GiB
1791166915,a3_ray_head,15.04%,1.629GiB / 4GiB
1791166918,a3_ray_worker_a,147.51%,5.099GiB / 8GiB
1791166918,a3_ray_worker_b,101.84%,5.928GiB / 8GiB
1791166918,a3_ray_head,19.04%,1.629GiB / 4GiB
1791166921,a3_ray_worker_a,106.42%,4.808GiB / 8GiB
1791166921,a3_ray_worker_b,327.09%,5.645GiB / 8GiB
1791166921,a3_ray_head,19.74%,1.629GiB / 4GiB
1791166925,a3_ray_worker_a,65.50%,4.468GiB / 8GiB
1791166925,a3_ray_worker_b,5.44%,5.659GiB / 8GiB
1791166925,a3_ray_head,25.47%,1.63GiB / 4GiB
1791166928,a3_ray_worker_a,94.31%,4.058GiB / 8GiB
1791166928,a3_ray_worker_b,13.18%,5.725GiB / 8GiB
1791166928,a3_ray_head,15.91%,1.629GiB / 4GiB
1791166931,a3_ray_worker_a,7.20%,4.036GiB / 8GiB
1791166931,a3_ray_worker_b,102.20%,3.857GiB / 8GiB
1791166931,a3_ray_head,11.99%,1.63GiB / 4GiB
1791166934,a3_ray_worker_a,5.32%,4.036GiB / 8GiB
1791166934,a3_ray_worker_b,105.12%,4.508GiB / 8GiB
1791166934,a3_ray_head,12.13%,1.63GiB / 4GiB
1791166938,a3_ray_worker_a,6.65%,4.038GiB / 8GiB
1791166938,a3_ray_worker_b,27.20%,3.649GiB / 8GiB
1791166938,a3_ray_head,21.10%,1.633GiB / 4GiB
1791166941,a3_ray_worker_a,6.16%,4.083GiB / 8GiB
1791166941,a3_ray_worker_b,4.94%,3.635GiB / 8GiB
1791166941,a3_ray_head,12.20%,1.633GiB / 4GiB
1791166944,a3_ray_worker_a,6.21%,4.083GiB / 8GiB
1791166944,a3_ray_worker_b,5.51%,3.635GiB / 8GiB
1791166944,a3_ray_head,27.69%,1.634GiB / 4GiB
1791166947,a3_ray_worker_a,42.20%,3.184GiB / 8GiB
1791166947,a3_ray_worker_b,6.08%,3.636GiB / 8GiB
1791166947,a3_ray_head,19.98%,1.634GiB / 4GiB
1791166951,a3_ray_worker_a,106.02%,4.489GiB / 8GiB
1791166951,a3_ray_worker_b,4.49%,3.638GiB / 8GiB
1791166951,a3_ray_head,12.74%,1.633GiB / 4GiB
1791166954,a3_ray_worker_a,72.05%,69.12MiB / 8GiB
1791166954,a3_ray_worker_b,84.81%,31.6MiB / 8GiB
1791166954,a3_ray_head,11.96%,1.643GiB / 4GiB
