1791156637,a3_ray_worker_a,573.28%,913.3MiB / 8GiB
1791156637,a3_ray_worker_b,561.84%,910.1MiB / 8GiB
1791156637,a3_ray_head,215.96%,1.347GiB / 4GiB
1791156640,a3_ray_worker_a,355.23%,6.279GiB / 8GiB
1791156640,a3_ray_worker_b,341.10%,6.765GiB / 8GiB
1791156640,a3_ray_head,191.81%,1.629GiB / 4GiB
1791156644,a3_ray_worker_a,295.73%,6.865GiB / 8GiB
1791156644,a3_ray_worker_b,326.80%,6.905GiB / 8GiB
1791156644,a3_ray_head,91.48%,1.599GiB / 4GiB
1791156647,a3_ray_worker_a,129.27%,6.991GiB / 8GiB
1791156647,a3_ray_worker_b,84.50%,6.905GiB / 8GiB
1791156647,a3_ray_head,177.91%,1.68GiB / 4GiB
1791156650,a3_ray_worker_a,303.39%,7.326GiB / 8GiB
1791156650,a3_ray_worker_b,221.46%,7.117GiB / 8GiB
1791156650,a3_ray_head,39.36%,1.77GiB / 4GiB
1791156654,a3_ray_worker_a,252.61%,6.053GiB / 8GiB
1791156654,a3_ray_worker_b,217.74%,6.125GiB / 8GiB
1791156654,a3_ray_head,8.55%,1.771GiB / 4GiB
1791156657,a3_ray_worker_a,94.13%,5.997GiB / 8GiB
1791156657,a3_ray_worker_b,96.38%,6.091GiB / 8GiB
1791156657,a3_ray_head,55.82%,1.802GiB / 4GiB
1791156660,a3_ray_worker_a,127.25%,6.059GiB / 8GiB
1791156660,a3_ray_worker_b,79.60%,6.098GiB / 8GiB
1791156660,a3_ray_head,30.58%,1.798GiB / 4GiB
1791156662,a3_ray_worker_a,72.66%,6.416GiB / 8GiB
1791156662,a3_ray_worker_b,71.71%,6.497GiB / 8GiB
1791156662,a3_ray_head,43.48%,1.799GiB / 4GiB
1791156666,a3_ray_worker_a,89.20%,6.481GiB / 8GiB
1791156666,a3_ray_worker_b,63.82%,6.521GiB / 8GiB
1791156666,a3_ray_head,11.06%,1.805GiB / 4GiB
1791156668,a3_ray_worker_a,87.38%,6.438GiB / 8GiB
1791156668,a3_ray_worker_b,83.58%,6.475GiB / 8GiB
1791156668,a3_ray_head,43.02%,1.801GiB / 4GiB
1791156671,a3_ray_worker_a,90.78%,6.451GiB / 8GiB
1791156671,a3_ray_worker_b,92.14%,6.496GiB / 8GiB
1791156671,a3_ray_head,55.21%,1.805GiB / 4GiB
1791156675,a3_ray_worker_a,55.56%,6.442GiB / 8GiB
1791156675,a3_ray_worker_b,90.06%,6.505GiB / 8GiB
1791156675,a3_ray_head,56.51%,1.811GiB / 4GiB
1791156678,a3_ray_worker_a,92.18%,6.596GiB / 8GiB
1791156678,a3_ray_worker_b,93.37%,6.644GiB / 8GiB
1791156678,a3_ray_head,55.77%,1.814GiB / 4GiB
1791156681,a3_ray_worker_a,90.52%,6.58GiB / 8GiB
1791156681,a3_ray_worker_b,86.62%,6.601GiB / 8GiB
1791156681,a3_ray_head,72.12%,1.818GiB / 4GiB
1791156684,a3_ray_worker_a,83.40%,6.573GiB / 8GiB
1791156684,a3_ray_worker_b,85.60%,6.621GiB / 8GiB
1791156684,a3_ray_head,21.14%,1.823GiB / 4GiB
1791156688,a3_ray_worker_a,72.20%,6.551GiB / 8GiB
1791156688,a3_ray_worker_b,88.98%,6.584GiB / 8GiB
1791156688,a3_ray_head,35.25%,1.826GiB / 4GiB
1791156691,a3_ray_worker_a,103.92%,6.59GiB / 8GiB
1791156691,a3_ray_worker_b,82.98%,6.617GiB / 8GiB
1791156691,a3_ray_head,38.22%,1.825GiB / 4GiB
1791156694,a3_ray_worker_a,91.49%,6.575GiB / 8GiB
1791156694,a3_ray_worker_b,92.11%,6.592GiB / 8GiB
1791156694,a3_ray_head,32.78%,1.835GiB / 4GiB
1791156697,a3_ray_worker_a,61.50%,6.577GiB / 8GiB
1791156697,a3_ray_worker_b,64.92%,6.567GiB / 8GiB
1791156697,a3_ray_head,40.04%,1.839GiB / 4GiB
1791156700,a3_ray_worker_a,142.63%,6.554GiB / 8GiB
1791156700,a3_ray_worker_b,77.03%,6.606GiB / 8GiB
1791156700,a3_ray_head,35.54%,1.839GiB / 4GiB
1791156703,a3_ray_worker_a,105.86%,7.139GiB / 8GiB
1791156703,a3_ray_worker_b,137.48%,6.599GiB / 8GiB
1791156703,a3_ray_head,8.28%,1.843GiB / 4GiB
1791156706,a3_ray_worker_a,109.07%,7.142GiB / 8GiB
1791156706,a3_ray_worker_b,170.07%,7.329GiB / 8GiB
1791156706,a3_ray_head,10.87%,1.843GiB / 4GiB
1791156710,a3_ray_worker_a,181.39%,6.955GiB / 8GiB
1791156710,a3_ray_worker_b,189.78%,7.308GiB / 8GiB
1791156710,a3_ray_head,11.03%,1.844GiB / 4GiB
1791156713,a3_ray_worker_a,158.11%,6.614GiB / 8GiB
1791156713,a3_ray_worker_b,113.67%,7.235GiB / 8GiB
1791156713,a3_ray_head,11.13%,1.847GiB / 4GiB
1791156716,a3_ray_worker_a,160.88%,7.299GiB / 8GiB
1791156716,a3_ray_worker_b,108.68%,7.246GiB / 8GiB
1791156716,a3_ray_head,6.93%,1.847GiB / 4GiB
1791156719,a3_ray_worker_a,161.44%,7.318GiB / 8GiB
1791156719,a3_ray_worker_b,170.10%,7.275GiB / 8GiB
1791156719,a3_ray_head,5.93%,1.85GiB / 4GiB
1791156723,a3_ray_worker_a,115.60%,6.454GiB / 8GiB
1791156723,a3_ray_worker_b,130.06%,6.751GiB / 8GiB
1791156723,a3_ray_head,11.00%,1.851GiB / 4GiB
1791156726,a3_ray_worker_a,107.54%,6.421GiB / 8GiB
1791156726,a3_ray_worker_b,107.26%,6.787GiB / 8GiB
1791156726,a3_ray_head,8.74%,1.881GiB / 4GiB
1791156729,a3_ray_worker_a,598.54%,3.512GiB / 8GiB
1791156729,a3_ray_worker_b,589.40%,3.527GiB / 8GiB
1791156729,a3_ray_head,17.54%,1.874GiB / 4GiB
1791156733,a3_ray_worker_a,30.89%,5.942GiB / 8GiB
1791156733,a3_ray_worker_b,67.44%,5.839GiB / 8GiB
1791156733,a3_ray_head,45.66%,1.874GiB / 4GiB
1791156736,a3_ray_worker_a,48.67%,5.965GiB / 8GiB
1791156736,a3_ray_worker_b,34.03%,5.517GiB / 8GiB
1791156736,a3_ray_head,19.56%,1.877GiB / 4GiB
1791156739,a3_ray_worker_a,63.38%,5.957GiB / 8GiB
1791156739,a3_ray_worker_b,60.26%,5.831GiB / 8GiB
1791156739,a3_ray_head,12.70%,1.878GiB / 4GiB
1791156742,a3_ray_worker_a,74.10%,6.021GiB / 8GiB
1791156742,a3_ray_worker_b,40.24%,5.858GiB / 8GiB
1791156742,a3_ray_head,22.85%,1.879GiB / 4GiB
1791156746,a3_ray_worker_a,59.68%,5.923GiB / 8GiB
1791156746,a3_ray_worker_b,52.37%,5.825GiB / 8GiB
1791156746,a3_ray_head,14.81%,1.881GiB / 4GiB
1791156749,a3_ray_worker_a,101.88%,5.968GiB / 8GiB
1791156749,a3_ray_worker_b,50.93%,5.539GiB / 8GiB
1791156749,a3_ray_head,16.28%,1.883GiB / 4GiB
1791156752,a3_ray_worker_a,52.11%,5.962GiB / 8GiB
1791156752,a3_ray_worker_b,60.15%,5.888GiB / 8GiB
1791156752,a3_ray_head,14.42%,1.884GiB / 4GiB
1791156755,a3_ray_worker_a,46.82%,6.012GiB / 8GiB
1791156755,a3_ray_worker_b,68.56%,5.875GiB / 8GiB
1791156755,a3_ray_head,14.56%,1.885GiB / 4GiB
1791156759,a3_ray_worker_a,55.94%,5.965GiB / 8GiB
1791156759,a3_ray_worker_b,62.21%,5.872GiB / 8GiB
1791156759,a3_ray_head,18.05%,1.887GiB / 4GiB
1791156762,a3_ray_worker_a,80.66%,5.94GiB / 8GiB
1791156762,a3_ray_worker_b,72.15%,5.837GiB / 8GiB
1791156762,a3_ray_head,17.48%,1.899GiB / 4GiB
1791156765,a3_ray_worker_a,64.71%,6.05GiB / 8GiB
1791156765,a3_ray_worker_b,51.66%,5.918GiB / 8GiB
1791156765,a3_ray_head,17.54%,1.899GiB / 4GiB
1791156768,a3_ray_worker_a,52.23%,6.049GiB / 8GiB
1791156768,a3_ray_worker_b,65.43%,5.984GiB / 8GiB
1791156768,a3_ray_head,19.20%,1.902GiB / 4GiB
1791156772,a3_ray_worker_a,87.62%,6.051GiB / 8GiB
1791156772,a3_ray_worker_b,65.92%,5.993GiB / 8GiB
1791156772,a3_ray_head,21.21%,1.855GiB / 4GiB
1791156775,a3_ray_worker_a,54.61%,6.049GiB / 8GiB
1791156775,a3_ray_worker_b,64.36%,5.997GiB / 8GiB
1791156775,a3_ray_head,19.56%,1.812GiB / 4GiB
1791156778,a3_ray_worker_a,66.65%,6.046GiB / 8GiB
1791156778,a3_ray_worker_b,54.15%,5.996GiB / 8GiB
1791156778,a3_ray_head,22.51%,1.802GiB / 4GiB
1791156782,a3_ray_worker_a,363.56%,5.353GiB / 8GiB
1791156782,a3_ray_worker_b,55.90%,5.972GiB / 8GiB
1791156782,a3_ray_head,61.04%,1.808GiB / 4GiB
1791156785,a3_ray_worker_a,167.17%,5.108GiB / 8GiB
1791156785,a3_ray_worker_b,108.49%,6.91GiB / 8GiB
1791156785,a3_ray_head,7.36%,1.755GiB / 4GiB
1791156788,a3_ray_worker_a,163.74%,5.615GiB / 8GiB
1791156788,a3_ray_worker_b,109.49%,7.254GiB / 8GiB
1791156788,a3_ray_head,15.78%,1.763GiB / 4GiB
1791156791,a3_ray_worker_a,166.61%,6.053GiB / 8GiB
1791156791,a3_ray_worker_b,174.53%,7.307GiB / 8GiB
1791156791,a3_ray_head,38.14%,1.772GiB / 4GiB
1791156795,a3_ray_worker_a,121.64%,6.195GiB / 8GiB
1791156795,a3_ray_worker_b,111.25%,7.401GiB / 8GiB
1791156795,a3_ray_head,15.87%,1.802GiB / 4GiB
1791156798,a3_ray_worker_a,171.37%,6.443GiB / 8GiB
1791156798,a3_ray_worker_b,107.45%,7.42GiB / 8GiB
1791156798,a3_ray_head,7.48%,1.817GiB / 4GiB
1791156801,a3_ray_worker_a,175.89%,6.547GiB / 8GiB
1791156801,a3_ray_worker_b,168.76%,7.438GiB / 8GiB
1791156801,a3_ray_head,29.94%,1.824GiB / 4GiB
1791156804,a3_ray_worker_a,116.07%,6.553GiB / 8GiB
1791156804,a3_ray_worker_b,117.77%,7.448GiB / 8GiB
1791156804,a3_ray_head,6.63%,1.826GiB / 4GiB
1791156808,a3_ray_worker_a,301.26%,7.841GiB / 8GiB
1791156808,a3_ray_worker_b,455.33%,8GiB / 8GiB
1791156808,a3_ray_head,41.34%,1.847GiB / 4GiB
1791156811,a3_ray_worker_a,112.99%,6.765GiB / 8GiB
1791156811,a3_ray_worker_b,178.97%,7.896GiB / 8GiB
1791156811,a3_ray_head,15.40%,1.853GiB / 4GiB
1791156814,a3_ray_worker_a,6.32%,6.765GiB / 8GiB
1791156814,a3_ray_worker_b,107.04%,6.17GiB / 8GiB
1791156814,a3_ray_head,34.30%,1.854GiB / 4GiB
1791156818,a3_ray_worker_a,119.82%,7.896GiB / 8GiB
1791156818,a3_ray_worker_b,6.96%,5.859GiB / 8GiB
1791156818,a3_ray_head,21.78%,1.856GiB / 4GiB
1791156821,a3_ray_worker_a,330.11%,7.417GiB / 8GiB
1791156821,a3_ray_worker_b,353.86%,7.85GiB / 8GiB
1791156821,a3_ray_head,19.11%,1.868GiB / 4GiB
1791156824,a3_ray_worker_a,108.04%,7.502GiB / 8GiB
1791156824,a3_ray_worker_b,5.47%,6.265GiB / 8GiB
1791156824,a3_ray_head,8.75%,1.861GiB / 4GiB
1791156827,a3_ray_worker_a,6.67%,5.997GiB / 8GiB
1791156827,a3_ray_worker_b,107.98%,6.538GiB / 8GiB
1791156827,a3_ray_head,37.06%,1.864GiB / 4GiB
1791156831,a3_ray_worker_a,82.28%,6.01GiB / 8GiB
1791156831,a3_ray_worker_b,180.54%,6.323GiB / 8GiB
1791156831,a3_ray_head,14.06%,1.868GiB / 4GiB
1791156834,a3_ray_worker_a,6.41%,6.01GiB / 8GiB
1791156834,a3_ray_worker_b,143.44%,6.245GiB / 8GiB
1791156834,a3_ray_head,14.26%,1.866GiB / 4GiB
1791156837,a3_ray_worker_a,249.47%,6.552GiB / 8GiB
1791156837,a3_ray_worker_b,147.64%,6.841GiB / 8GiB
1791156837,a3_ray_head,19.28%,1.878GiB / 4GiB
1791156840,a3_ray_worker_a,194.49%,5.846GiB / 8GiB
1791156840,a3_ray_worker_b,7.53%,6.861GiB / 8GiB
1791156840,a3_ray_head,9.75%,1.84GiB / 4GiB
1791156844,a3_ray_worker_a,5.24%,5.134GiB / 8GiB
1791156844,a3_ray_worker_b,107.38%,5.682GiB / 8GiB
1791156844,a3_ray_head,30.98%,1.853GiB / 4GiB
1791156847,a3_ray_worker_a,107.79%,5.003GiB / 8GiB
1791156847,a3_ray_worker_b,6.63%,5.936GiB / 8GiB
1791156847,a3_ray_head,15.56%,1.855GiB / 4GiB
1791156850,a3_ray_worker_a,116.52%,6.27GiB / 8GiB
1791156850,a3_ray_worker_b,8.45%,5.939GiB / 8GiB
1791156850,a3_ray_head,20.68%,1.866GiB / 4GiB
1791156854,a3_ray_worker_a,320.30%,6.637GiB / 8GiB
1791156854,a3_ray_worker_b,262.81%,5.924GiB / 8GiB
1791156854,a3_ray_head,25.11%,1.871GiB / 4GiB
1791156857,a3_ray_worker_a,95.77%,7.563GiB / 8GiB
1791156857,a3_ray_worker_b,35.69%,6.299GiB / 8GiB
1791156857,a3_ray_head,33.68%,1.874GiB / 4GiB
1791156860,a3_ray_worker_a,406.93%,6.37GiB / 8GiB
1791156860,a3_ray_worker_b,58.63%,5.372GiB / 8GiB
1791156860,a3_ray_head,6.58%,1.876GiB / 4GiB
1791156863,a3_ray_worker_a,200.47%,6.824GiB / 8GiB
1791156863,a3_ray_worker_b,42.18%,5.896GiB / 8GiB
1791156863,a3_ray_head,18.31%,1.891GiB / 4GiB
1791156867,a3_ray_worker_a,212.26%,6.79GiB / 8GiB
1791156867,a3_ray_worker_b,21.37%,6.246GiB / 8GiB
1791156867,a3_ray_head,12.65%,1.883GiB / 4GiB
1791156870,a3_ray_worker_a,109.06%,5.29GiB / 8GiB
1791156870,a3_ray_worker_b,7.02%,6.247GiB / 8GiB
1791156870,a3_ray_head,8.00%,1.898GiB / 4GiB
1791156873,a3_ray_worker_a,108.78%,5.325GiB / 8GiB
1791156873,a3_ray_worker_b,7.41%,6.216GiB / 8GiB
1791156873,a3_ray_head,29.95%,1.907GiB / 4GiB
1791156876,a3_ray_worker_a,324.21%,6.564GiB / 8GiB
1791156876,a3_ray_worker_b,91.60%,6.465GiB / 8GiB
1791156876,a3_ray_head,40.46%,1.917GiB / 4GiB
1791156880,a3_ray_worker_a,165.22%,6.149GiB / 8GiB
1791156880,a3_ray_worker_b,6.09%,6.332GiB / 8GiB
1791156880,a3_ray_head,8.56%,1.898GiB / 4GiB
1791156883,a3_ray_worker_a,97.50%,4.709GiB / 8GiB
1791156883,a3_ray_worker_b,106.22%,4.514GiB / 8GiB
1791156883,a3_ray_head,8.19%,1.912GiB / 4GiB
1791156886,a3_ray_worker_a,81.78%,3.769GiB / 8GiB
1791156886,a3_ray_worker_b,47.45%,5.734GiB / 8GiB
1791156886,a3_ray_head,32.03%,1.915GiB / 4GiB
1791156890,a3_ray_worker_a,106.86%,4.462GiB / 8GiB
1791156890,a3_ray_worker_b,7.11%,5.729GiB / 8GiB
1791156890,a3_ray_head,8.47%,1.917GiB / 4GiB
1791156893,a3_ray_worker_a,609.19%,6.985GiB / 8GiB
1791156893,a3_ray_worker_b,217.85%,6.899GiB / 8GiB
1791156893,a3_ray_head,20.87%,1.903GiB / 4GiB
1791156896,a3_ray_worker_a,6.07%,6.216GiB / 8GiB
1791156896,a3_ray_worker_b,108.54%,6.858GiB / 8GiB
1791156896,a3_ray_head,8.70%,1.913GiB / 4GiB
1791156899,a3_ray_worker_a,108.91%,7.567GiB / 8GiB
1791156899,a3_ray_worker_b,7.04%,6.915GiB / 8GiB
1791156899,a3_ray_head,7.44%,1.916GiB / 4GiB
1791156903,a3_ray_worker_a,158.56%,5.698GiB / 8GiB
1791156903,a3_ray_worker_b,111.21%,6.5GiB / 8GiB
1791156903,a3_ray_head,21.67%,1.918GiB / 4GiB
1791156906,a3_ray_worker_a,605.01%,6.571GiB / 8GiB
1791156906,a3_ray_worker_b,374.38%,8GiB / 8GiB
1791156906,a3_ray_head,37.08%,1.935GiB / 4GiB
1791156909,a3_ray_worker_a,141.70%,6.312GiB / 8GiB
1791156909,a3_ray_worker_b,31.85%,7.007GiB / 8GiB
1791156909,a3_ray_head,15.20%,1.942GiB / 4GiB
1791156912,a3_ray_worker_a,8.97%,6.406GiB / 8GiB
1791156912,a3_ray_worker_b,108.67%,7.122GiB / 8GiB
1791156912,a3_ray_head,45.97%,1.947GiB / 4GiB
1791156916,a3_ray_worker_a,124.11%,7.055GiB / 8GiB
1791156916,a3_ray_worker_b,6.72%,7.134GiB / 8GiB
1791156916,a3_ray_head,11.53%,1.946GiB / 4GiB
1791156919,a3_ray_worker_a,21.10%,5.625GiB / 8GiB
1791156919,a3_ray_worker_b,98.55%,5.814GiB / 8GiB
1791156919,a3_ray_head,23.14%,1.946GiB / 4GiB
1791156921,a3_ray_worker_a,151.96%,5.934GiB / 8GiB
1791156921,a3_ray_worker_b,7.57%,5.313GiB / 8GiB
1791156921,a3_ray_head,35.56%,1.964GiB / 4GiB
1791156925,a3_ray_worker_a,123.05%,6.625GiB / 8GiB
1791156925,a3_ray_worker_b,7.07%,5.107GiB / 8GiB
1791156925,a3_ray_head,15.98%,1.976GiB / 4GiB
1791156928,a3_ray_worker_a,12.65%,6.656GiB / 8GiB
1791156928,a3_ray_worker_b,109.72%,6.709GiB / 8GiB
1791156928,a3_ray_head,30.30%,1.98GiB / 4GiB
1791156931,a3_ray_worker_a,94.99%,3.808GiB / 8GiB
1791156931,a3_ray_worker_b,88.84%,7.07GiB / 8GiB
1791156931,a3_ray_head,24.16%,1.974GiB / 4GiB
1791156934,a3_ray_worker_a,38.60%,3.661GiB / 8GiB
1791156934,a3_ray_worker_b,78.57%,4.405GiB / 8GiB
1791156934,a3_ray_head,20.70%,1.976GiB / 4GiB
1791156938,a3_ray_worker_a,10.70%,4.658GiB / 8GiB
1791156938,a3_ray_worker_b,108.00%,5.423GiB / 8GiB
1791156938,a3_ray_head,18.99%,1.978GiB / 4GiB
1791156941,a3_ray_worker_a,149.89%,3.638GiB / 8GiB
1791156941,a3_ray_worker_b,117.73%,5.606GiB / 8GiB
1791156941,a3_ray_head,21.14%,1.65GiB / 4GiB
1791156944,a3_ray_worker_a,7.37%,3.81GiB / 8GiB
1791156944,a3_ray_worker_b,106.71%,7.098GiB / 8GiB
1791156944,a3_ray_head,24.81%,1.466GiB / 4GiB
1791156947,a3_ray_worker_a,9.03%,3.81GiB / 8GiB
1791156947,a3_ray_worker_b,99.91%,4.91GiB / 8GiB
1791156947,a3_ray_head,22.41%,1.466GiB / 4GiB
1791156951,a3_ray_worker_a,46.54%,3.928GiB / 8GiB
1791156951,a3_ray_worker_b,62.33%,4.729GiB / 8GiB
1791156951,a3_ray_head,52.91%,1.472GiB / 4GiB
1791156954,a3_ray_worker_a,111.40%,4.793GiB / 8GiB
1791156954,a3_ray_worker_b,12.91%,5.109GiB / 8GiB
1791156954,a3_ray_head,19.51%,1.46GiB / 4GiB
1791156957,a3_ray_worker_a,6.37%,4.945GiB / 8GiB
1791156957,a3_ray_worker_b,87.72%,5.358GiB / 8GiB
1791156957,a3_ray_head,44.09%,1.465GiB / 4GiB
1791156961,a3_ray_worker_a,21.01%,3.641GiB / 8GiB
1791156961,a3_ray_worker_b,123.81%,5.065GiB / 8GiB
1791156961,a3_ray_head,21.23%,1.468GiB / 4GiB
1791156964,a3_ray_worker_a,9.92%,3.681GiB / 8GiB
1791156964,a3_ray_worker_b,32.45%,6.221GiB / 8GiB
1791156964,a3_ray_head,16.68%,1.45GiB / 4GiB
1791156967,a3_ray_worker_a,89.96%,5.193GiB / 8GiB
1791156967,a3_ray_worker_b,46.41%,6.261GiB / 8GiB
1791156967,a3_ray_head,26.59%,1.474GiB / 4GiB
1791156970,a3_ray_worker_a,350.11%,4.017GiB / 8GiB
1791156970,a3_ray_worker_b,480.27%,4.125GiB / 8GiB
1791156970,a3_ray_head,60.10%,1.486GiB / 4GiB
1791156974,a3_ray_worker_a,57.19%,4.158GiB / 8GiB
1791156974,a3_ray_worker_b,64.82%,4.223GiB / 8GiB
1791156974,a3_ray_head,18.04%,1.478GiB / 4GiB
1791156977,a3_ray_worker_a,67.92%,4.14GiB / 8GiB
1791156977,a3_ray_worker_b,62.14%,4.171GiB / 8GiB
1791156977,a3_ray_head,18.60%,1.471GiB / 4GiB
1791156980,a3_ray_worker_a,52.60%,4.14GiB / 8GiB
1791156980,a3_ray_worker_b,60.71%,4.163GiB / 8GiB
1791156980,a3_ray_head,11.45%,1.474GiB / 4GiB
1791156983,a3_ray_worker_a,75.67%,4.095GiB / 8GiB
1791156983,a3_ray_worker_b,59.90%,4.136GiB / 8GiB
1791156983,a3_ray_head,46.72%,1.459GiB / 4GiB
1791156987,a3_ray_worker_a,71.91%,4.092GiB / 8GiB
1791156987,a3_ray_worker_b,58.89%,4.14GiB / 8GiB
1791156987,a3_ray_head,17.31%,1.459GiB / 4GiB
1791156990,a3_ray_worker_a,63.35%,4.117GiB / 8GiB
1791156990,a3_ray_worker_b,55.71%,4.129GiB / 8GiB
1791156990,a3_ray_head,13.74%,1.468GiB / 4GiB
1791156993,a3_ray_worker_a,58.05%,4.109GiB / 8GiB
1791156993,a3_ray_worker_b,54.18%,4.118GiB / 8GiB
1791156993,a3_ray_head,17.86%,1.468GiB / 4GiB
1791156997,a3_ray_worker_a,60.63%,4.09GiB / 8GiB
1791156997,a3_ray_worker_b,58.63%,4.097GiB / 8GiB
1791156997,a3_ray_head,47.45%,1.482GiB / 4GiB
1791157000,a3_ray_worker_a,49.71%,4.154GiB / 8GiB
1791157000,a3_ray_worker_b,75.19%,4.121GiB / 8GiB
1791157000,a3_ray_head,15.83%,1.483GiB / 4GiB
1791157003,a3_ray_worker_a,69.39%,4.122GiB / 8GiB
1791157003,a3_ray_worker_b,56.03%,4.098GiB / 8GiB
1791157003,a3_ray_head,16.24%,1.453GiB / 4GiB
1791157006,a3_ray_worker_a,60.10%,4.109GiB / 8GiB
1791157006,a3_ray_worker_b,57.28%,4.132GiB / 8GiB
1791157006,a3_ray_head,14.61%,1.468GiB / 4GiB
1791157010,a3_ray_worker_a,60.22%,4.091GiB / 8GiB
1791157010,a3_ray_worker_b,63.35%,4.114GiB / 8GiB
1791157010,a3_ray_head,52.81%,1.475GiB / 4GiB
1791157013,a3_ray_worker_a,80.08%,4.09GiB / 8GiB
1791157013,a3_ray_worker_b,46.43%,4.088GiB / 8GiB
1791157013,a3_ray_head,17.54%,1.475GiB / 4GiB
1791157016,a3_ray_worker_a,110.41%,4.134GiB / 8GiB
1791157016,a3_ray_worker_b,63.82%,4.124GiB / 8GiB
1791157016,a3_ray_head,15.68%,1.436GiB / 4GiB
1791157019,a3_ray_worker_a,65.22%,4.141GiB / 8GiB
1791157019,a3_ray_worker_b,58.79%,4.076GiB / 8GiB
1791157019,a3_ray_head,18.17%,1.452GiB / 4GiB
1791157023,a3_ray_worker_a,56.92%,4.129GiB / 8GiB
1791157023,a3_ray_worker_b,63.93%,4.118GiB / 8GiB
1791157023,a3_ray_head,51.92%,1.453GiB / 4GiB
1791157026,a3_ray_worker_a,118.97%,4.128GiB / 8GiB
1791157026,a3_ray_worker_b,126.98%,4.117GiB / 8GiB
1791157026,a3_ray_head,52.71%,1.462GiB / 4GiB
1791157029,a3_ray_worker_a,56.30%,4.159GiB / 8GiB
1791157029,a3_ray_worker_b,19.85%,4.097GiB / 8GiB
1791157029,a3_ray_head,19.27%,1.456GiB / 4GiB
1791157032,a3_ray_worker_a,59.48%,4.151GiB / 8GiB
1791157032,a3_ray_worker_b,69.88%,4.131GiB / 8GiB
1791157032,a3_ray_head,11.85%,1.459GiB / 4GiB
1791157036,a3_ray_worker_a,54.75%,4.125GiB / 8GiB
1791157036,a3_ray_worker_b,64.11%,4.131GiB / 8GiB
1791157036,a3_ray_head,94.51%,1.46GiB / 4GiB
1791157039,a3_ray_worker_a,67.93%,4.129GiB / 8GiB
1791157039,a3_ray_worker_b,55.08%,4.113GiB / 8GiB
1791157039,a3_ray_head,49.27%,1.462GiB / 4GiB
1791157042,a3_ray_worker_a,62.63%,4.127GiB / 8GiB
1791157042,a3_ray_worker_b,62.13%,4.121GiB / 8GiB
1791157042,a3_ray_head,19.14%,1.458GiB / 4GiB
1791157046,a3_ray_worker_a,56.34%,4.116GiB / 8GiB
1791157046,a3_ray_worker_b,130.65%,4.111GiB / 8GiB
1791157046,a3_ray_head,13.64%,1.466GiB / 4GiB
1791157049,a3_ray_worker_a,65.34%,4.138GiB / 8GiB
1791157049,a3_ray_worker_b,72.07%,4.091GiB / 8GiB
1791157049,a3_ray_head,57.27%,1.458GiB / 4GiB
1791157052,a3_ray_worker_a,59.15%,4.112GiB / 8GiB
1791157052,a3_ray_worker_b,69.48%,4.115GiB / 8GiB
1791157052,a3_ray_head,17.33%,1.459GiB / 4GiB
1791157055,a3_ray_worker_a,82.49%,4.143GiB / 8GiB
1791157055,a3_ray_worker_b,68.51%,4.103GiB / 8GiB
1791157055,a3_ray_head,72.92%,1.477GiB / 4GiB
1791157059,a3_ray_worker_a,68.10%,4.134GiB / 8GiB
1791157059,a3_ray_worker_b,59.32%,4.088GiB / 8GiB
1791157059,a3_ray_head,18.22%,1.478GiB / 4GiB
1791157062,a3_ray_worker_a,59.29%,4.144GiB / 8GiB
1791157062,a3_ray_worker_b,67.06%,4.116GiB / 8GiB
1791157062,a3_ray_head,18.49%,1.464GiB / 4GiB
1791157065,a3_ray_worker_a,123.87%,4.149GiB / 8GiB
1791157065,a3_ray_worker_b,64.44%,4.132GiB / 8GiB
1791157065,a3_ray_head,49.36%,1.482GiB / 4GiB
1791157068,a3_ray_worker_a,54.69%,4.114GiB / 8GiB
1791157068,a3_ray_worker_b,80.42%,4.104GiB / 8GiB
1791157068,a3_ray_head,58.81%,1.486GiB / 4GiB
1791157072,a3_ray_worker_a,64.95%,4.102GiB / 8GiB
1791157072,a3_ray_worker_b,68.12%,4.157GiB / 8GiB
1791157072,a3_ray_head,16.69%,1.489GiB / 4GiB
1791157075,a3_ray_worker_a,56.68%,4.145GiB / 8GiB
1791157075,a3_ray_worker_b,120.83%,4.17GiB / 8GiB
1791157075,a3_ray_head,49.17%,1.493GiB / 4GiB
1791157078,a3_ray_worker_a,56.30%,4.147GiB / 8GiB
1791157078,a3_ray_worker_b,63.43%,4.171GiB / 8GiB
1791157078,a3_ray_head,18.62%,1.493GiB / 4GiB
1791157081,a3_ray_worker_a,54.40%,4.143GiB / 8GiB
1791157081,a3_ray_worker_b,64.19%,4.161GiB / 8GiB
1791157081,a3_ray_head,24.80%,1.481GiB / 4GiB
1791157085,a3_ray_worker_a,140.59%,4.131GiB / 8GiB
1791157085,a3_ray_worker_b,67.97%,4.142GiB / 8GiB
1791157085,a3_ray_head,69.64%,1.496GiB / 4GiB
1791157088,a3_ray_worker_a,59.36%,4.118GiB / 8GiB
1791157088,a3_ray_worker_b,68.45%,4.15GiB / 8GiB
1791157088,a3_ray_head,18.26%,1.492GiB / 4GiB
1791157091,a3_ray_worker_a,63.56%,4.155GiB / 8GiB
1791157091,a3_ray_worker_b,62.07%,4.125GiB / 8GiB
1791157091,a3_ray_head,22.00%,1.519GiB / 4GiB
1791157094,a3_ray_worker_a,65.47%,4.135GiB / 8GiB
1791157094,a3_ray_worker_b,55.64%,4.148GiB / 8GiB
1791157094,a3_ray_head,47.54%,1.504GiB / 4GiB
1791157098,a3_ray_worker_a,68.23%,4.158GiB / 8GiB
1791157098,a3_ray_worker_b,13.25%,4.152GiB / 8GiB
1791157098,a3_ray_head,18.95%,1.489GiB / 4GiB
1791157101,a3_ray_worker_a,15.18%,2.861GiB / 8GiB
1791157101,a3_ray_worker_b,92.52%,2.969GiB / 8GiB
1791157101,a3_ray_head,35.80%,1.505GiB / 4GiB
