1791156430,a3_spark_worker_b,0.13%,230.6MiB / 8GiB
1791156430,a3_spark_worker_a,0.10%,238.7MiB / 8GiB
1791156430,a3_spark_master,273.29%,480.8MiB / 4GiB
1791156433,a3_spark_worker_b,229.04%,463.9MiB / 8GiB
1791156433,a3_spark_worker_a,1.05%,471MiB / 8GiB
1791156433,a3_spark_master,127.15%,741.1MiB / 4GiB
1791156436,a3_spark_worker_b,20.15%,518.8MiB / 8GiB
1791156436,a3_spark_worker_a,37.47%,527.3MiB / 8GiB
1791156436,a3_spark_master,357.74%,904.6MiB / 4GiB
1791156439,a3_spark_worker_b,0.21%,522.1MiB / 8GiB
1791156439,a3_spark_worker_a,144.21%,573.7MiB / 8GiB
1791156439,a3_spark_master,664.08%,1.101GiB / 4GiB
1791156442,a3_spark_worker_b,607.79%,1.559GiB / 8GiB
1791156442,a3_spark_worker_a,605.50%,1.729GiB / 8GiB
1791156442,a3_spark_master,86.79%,1.158GiB / 4GiB
1791156446,a3_spark_worker_b,602.06%,2.861GiB / 8GiB
1791156446,a3_spark_worker_a,599.10%,3.783GiB / 8GiB
1791156446,a3_spark_master,0.74%,1.155GiB / 4GiB
1791156449,a3_spark_worker_b,601.63%,4.62GiB / 8GiB
1791156449,a3_spark_worker_a,602.99%,4.597GiB / 8GiB
1791156449,a3_spark_master,0.35%,1.16GiB / 4GiB
1791156452,a3_spark_worker_b,603.49%,4.681GiB / 8GiB
1791156452,a3_spark_worker_a,601.93%,4.727GiB / 8GiB
1791156452,a3_spark_master,0.48%,1.16GiB / 4GiB
1791156456,a3_spark_worker_b,601.26%,4.714GiB / 8GiB
1791156456,a3_spark_worker_a,608.29%,4.75GiB / 8GiB
1791156456,a3_spark_master,0.85%,1.161GiB / 4GiB
1791156459,a3_spark_worker_b,600.15%,4.761GiB / 8GiB
1791156459,a3_spark_worker_a,524.92%,4.831GiB / 8GiB
1791156459,a3_spark_master,0.42%,1.16GiB / 4GiB
1791156462,a3_spark_worker_b,610.28%,3.993GiB / 8GiB
1791156462,a3_spark_worker_a,594.90%,4.839GiB / 8GiB
1791156462,a3_spark_master,6.59%,1.162GiB / 4GiB
1791156466,a3_spark_worker_b,596.27%,4.253GiB / 8GiB
1791156466,a3_spark_worker_a,595.34%,4.928GiB / 8GiB
1791156466,a3_spark_master,8.55%,1.163GiB / 4GiB
1791156469,a3_spark_worker_b,607.70%,4.688GiB / 8GiB
1791156469,a3_spark_worker_a,600.52%,4.974GiB / 8GiB
1791156469,a3_spark_master,6.69%,1.165GiB / 4GiB
1791156472,a3_spark_worker_b,596.39%,4.806GiB / 8GiB
1791156472,a3_spark_worker_a,612.88%,5.009GiB / 8GiB
1791156472,a3_spark_master,1.26%,1.182GiB / 4GiB
1791156475,a3_spark_worker_b,598.39%,4.915GiB / 8GiB
1791156475,a3_spark_worker_a,596.25%,5.056GiB / 8GiB
1791156475,a3_spark_master,1.99%,1.183GiB / 4GiB
1791156479,a3_spark_worker_b,589.39%,4.983GiB / 8GiB
1791156479,a3_spark_worker_a,593.77%,5.107GiB / 8GiB
1791156479,a3_spark_master,7.94%,1.182GiB / 4GiB
1791156482,a3_spark_worker_b,605.84%,5.002GiB / 8GiB
1791156482,a3_spark_worker_a,598.22%,5.116GiB / 8GiB
1791156482,a3_spark_master,20.75%,1.19GiB / 4GiB
1791156485,a3_spark_worker_b,603.22%,5.016GiB / 8GiB
1791156485,a3_spark_worker_a,597.53%,5.125GiB / 8GiB
1791156485,a3_spark_master,4.44%,1.19GiB / 4GiB
1791156489,a3_spark_worker_b,289.30%,5.283GiB / 8GiB
1791156489,a3_spark_worker_a,279.40%,5.394GiB / 8GiB
1791156489,a3_spark_master,38.26%,1.215GiB / 4GiB
1791156492,a3_spark_worker_b,604.65%,5.326GiB / 8GiB
1791156492,a3_spark_worker_a,585.78%,5.436GiB / 8GiB
1791156492,a3_spark_master,1.10%,1.208GiB / 4GiB
1791156495,a3_spark_worker_b,600.63%,5.315GiB / 8GiB
1791156495,a3_spark_worker_a,603.77%,5.418GiB / 8GiB
1791156495,a3_spark_master,64.09%,1.235GiB / 4GiB
1791156499,a3_spark_worker_b,598.30%,5.309GiB / 8GiB
1791156499,a3_spark_worker_a,598.38%,5.391GiB / 8GiB
1791156499,a3_spark_master,1.61%,1.22GiB / 4GiB
1791156502,a3_spark_worker_b,603.21%,5.299GiB / 8GiB
1791156502,a3_spark_worker_a,596.86%,5.419GiB / 8GiB
1791156502,a3_spark_master,9.05%,1.219GiB / 4GiB
1791156505,a3_spark_worker_b,605.88%,5.287GiB / 8GiB
1791156505,a3_spark_worker_a,607.25%,5.407GiB / 8GiB
1791156505,a3_spark_master,36.28%,1.223GiB / 4GiB
1791156509,a3_spark_worker_b,604.94%,5.283GiB / 8GiB
1791156509,a3_spark_worker_a,592.67%,5.374GiB / 8GiB
1791156509,a3_spark_master,0.32%,1.225GiB / 4GiB
1791156512,a3_spark_worker_b,587.68%,5.284GiB / 8GiB
1791156512,a3_spark_worker_a,592.62%,5.376GiB / 8GiB
1791156512,a3_spark_master,0.48%,1.226GiB / 4GiB
1791156515,a3_spark_worker_b,597.24%,5.279GiB / 8GiB
1791156515,a3_spark_worker_a,597.09%,5.392GiB / 8GiB
1791156515,a3_spark_master,3.64%,1.226GiB / 4GiB
1791156519,a3_spark_worker_b,596.29%,5.285GiB / 8GiB
1791156519,a3_spark_worker_a,601.96%,5.407GiB / 8GiB
1791156519,a3_spark_master,2.06%,1.24GiB / 4GiB
1791156522,a3_spark_worker_b,600.30%,5.289GiB / 8GiB
1791156522,a3_spark_worker_a,599.37%,5.391GiB / 8GiB
1791156522,a3_spark_master,4.84%,1.24GiB / 4GiB
1791156525,a3_spark_worker_b,596.88%,5.289GiB / 8GiB
1791156525,a3_spark_worker_a,603.67%,5.396GiB / 8GiB
1791156525,a3_spark_master,31.45%,1.241GiB / 4GiB
1791156529,a3_spark_worker_b,339.03%,5.344GiB / 8GiB
1791156529,a3_spark_worker_a,599.65%,5.395GiB / 8GiB
1791156529,a3_spark_master,70.75%,1.257GiB / 4GiB
1791156532,a3_spark_worker_b,243.16%,5.338GiB / 8GiB
1791156532,a3_spark_worker_a,601.50%,5.442GiB / 8GiB
1791156532,a3_spark_master,1.41%,1.257GiB / 4GiB
1791156535,a3_spark_worker_b,603.70%,5.338GiB / 8GiB
1791156535,a3_spark_worker_a,600.41%,5.498GiB / 8GiB
1791156535,a3_spark_master,0.84%,1.257GiB / 4GiB
1791156539,a3_spark_worker_b,601.13%,5.362GiB / 8GiB
1791156539,a3_spark_worker_a,602.27%,5.449GiB / 8GiB
1791156539,a3_spark_master,2.12%,1.257GiB / 4GiB
1791156542,a3_spark_worker_b,600.81%,5.344GiB / 8GiB
1791156542,a3_spark_worker_a,601.86%,5.452GiB / 8GiB
1791156542,a3_spark_master,41.16%,1.268GiB / 4GiB
1791156545,a3_spark_worker_b,566.36%,5.385GiB / 8GiB
1791156545,a3_spark_worker_a,596.24%,5.452GiB / 8GiB
1791156545,a3_spark_master,2.55%,1.262GiB / 4GiB
1791156549,a3_spark_worker_b,185.07%,5.284GiB / 8GiB
1791156549,a3_spark_worker_a,119.09%,5.348GiB / 8GiB
1791156549,a3_spark_master,1.06%,1.265GiB / 4GiB
1791156552,a3_spark_worker_b,598.14%,5.367GiB / 8GiB
1791156552,a3_spark_worker_a,599.18%,5.367GiB / 8GiB
1791156552,a3_spark_master,0.61%,1.274GiB / 4GiB
1791156555,a3_spark_worker_b,603.68%,5.378GiB / 8GiB
1791156555,a3_spark_worker_a,604.96%,5.361GiB / 8GiB
1791156555,a3_spark_master,0.36%,1.274GiB / 4GiB
1791156559,a3_spark_worker_b,608.14%,5.362GiB / 8GiB
1791156559,a3_spark_worker_a,596.08%,5.403GiB / 8GiB
1791156559,a3_spark_master,6.90%,1.281GiB / 4GiB
1791156562,a3_spark_worker_b,609.83%,5.37GiB / 8GiB
1791156562,a3_spark_worker_a,603.75%,5.401GiB / 8GiB
1791156562,a3_spark_master,1.63%,1.275GiB / 4GiB
1791156565,a3_spark_worker_b,582.30%,5.339GiB / 8GiB
1791156565,a3_spark_worker_a,598.74%,5.41GiB / 8GiB
1791156565,a3_spark_master,0.39%,1.274GiB / 4GiB
1791156568,a3_spark_worker_b,603.12%,5.338GiB / 8GiB
1791156568,a3_spark_worker_a,598.61%,5.413GiB / 8GiB
1791156568,a3_spark_master,1.25%,1.274GiB / 4GiB
1791156572,a3_spark_worker_b,602.34%,5.348GiB / 8GiB
1791156572,a3_spark_worker_a,599.58%,5.386GiB / 8GiB
1791156572,a3_spark_master,0.44%,1.274GiB / 4GiB
1791156575,a3_spark_worker_b,599.06%,5.343GiB / 8GiB
1791156575,a3_spark_worker_a,600.74%,5.394GiB / 8GiB
1791156575,a3_spark_master,1.43%,1.275GiB / 4GiB
1791156578,a3_spark_worker_b,602.58%,5.334GiB / 8GiB
1791156578,a3_spark_worker_a,598.44%,5.362GiB / 8GiB
1791156578,a3_spark_master,1.08%,1.275GiB / 4GiB
1791156582,a3_spark_worker_b,603.23%,5.31GiB / 8GiB
1791156582,a3_spark_worker_a,601.89%,5.394GiB / 8GiB
1791156582,a3_spark_master,0.25%,1.274GiB / 4GiB
1791156585,a3_spark_worker_b,596.33%,5.311GiB / 8GiB
1791156585,a3_spark_worker_a,600.75%,5.404GiB / 8GiB
1791156585,a3_spark_master,1.12%,1.275GiB / 4GiB
1791156588,a3_spark_worker_b,604.56%,5.329GiB / 8GiB
1791156588,a3_spark_worker_a,600.54%,5.404GiB / 8GiB
1791156588,a3_spark_master,2.28%,1.274GiB / 4GiB
1791156592,a3_spark_worker_b,603.86%,5.326GiB / 8GiB
1791156592,a3_spark_worker_a,596.68%,5.392GiB / 8GiB
1791156592,a3_spark_master,0.29%,1.274GiB / 4GiB
1791156595,a3_spark_worker_b,591.67%,5.321GiB / 8GiB
1791156595,a3_spark_worker_a,601.03%,5.387GiB / 8GiB
1791156595,a3_spark_master,1.35%,1.275GiB / 4GiB
1791156598,a3_spark_worker_b,599.87%,5.328GiB / 8GiB
1791156598,a3_spark_worker_a,600.98%,5.411GiB / 8GiB
1791156598,a3_spark_master,1.15%,1.274GiB / 4GiB
1791156601,a3_spark_worker_b,600.26%,5.337GiB / 8GiB
1791156601,a3_spark_worker_a,606.62%,5.388GiB / 8GiB
1791156601,a3_spark_master,0.30%,1.274GiB / 4GiB
1791156604,a3_spark_worker_b,599.69%,5.334GiB / 8GiB
1791156604,a3_spark_worker_a,600.73%,5.393GiB / 8GiB
1791156604,a3_spark_master,1.25%,1.275GiB / 4GiB
1791156607,a3_spark_worker_b,601.89%,5.337GiB / 8GiB
1791156607,a3_spark_worker_a,595.10%,5.396GiB / 8GiB
1791156607,a3_spark_master,0.86%,1.274GiB / 4GiB
1791156610,a3_spark_worker_b,604.82%,5.314GiB / 8GiB
1791156610,a3_spark_worker_a,598.82%,5.38GiB / 8GiB
1791156610,a3_spark_master,1.22%,1.272GiB / 4GiB
1791156614,a3_spark_worker_b,602.91%,5.313GiB / 8GiB
1791156614,a3_spark_worker_a,543.32%,5.398GiB / 8GiB
1791156614,a3_spark_master,2.43%,1.272GiB / 4GiB
1791156617,a3_spark_worker_b,355.57%,5.307GiB / 8GiB
1791156617,a3_spark_worker_a,525.37%,5.418GiB / 8GiB
1791156617,a3_spark_master,0.41%,1.271GiB / 4GiB
1791156620,a3_spark_worker_b,140.44%,5.3GiB / 8GiB
1791156620,a3_spark_worker_a,542.87%,5.408GiB / 8GiB
1791156620,a3_spark_master,0.30%,1.271GiB / 4GiB
1791156624,a3_spark_worker_b,73.30%,5.294GiB / 8GiB
1791156624,a3_spark_worker_a,196.82%,5.367GiB / 8GiB
1791156624,a3_spark_master,0.70%,1.272GiB / 4GiB
