1791156032,a3_spark_worker_b,0.11%,225.9MiB / 8GiB
1791156032,a3_spark_worker_a,0.10%,239.6MiB / 8GiB
1791156032,a3_spark_master,232.09%,420.7MiB / 4GiB
1791156035,a3_spark_worker_b,89.88%,498.2MiB / 8GiB
1791156035,a3_spark_worker_a,5.26%,464.2MiB / 8GiB
1791156035,a3_spark_master,234.47%,702.4MiB / 4GiB
1791156039,a3_spark_worker_b,27.01%,519.9MiB / 8GiB
1791156039,a3_spark_worker_a,20.62%,520.8MiB / 8GiB
1791156039,a3_spark_master,281.97%,835.5MiB / 4GiB
1791156042,a3_spark_worker_b,0.21%,522.8MiB / 8GiB
1791156042,a3_spark_worker_a,0.17%,522.3MiB / 8GiB
1791156042,a3_spark_master,638.32%,1.068GiB / 4GiB
1791156045,a3_spark_worker_b,600.65%,2.006GiB / 8GiB
1791156045,a3_spark_worker_a,603.14%,2.312GiB / 8GiB
1791156045,a3_spark_master,84.38%,1.097GiB / 4GiB
1791156049,a3_spark_worker_b,597.60%,2.571GiB / 8GiB
1791156049,a3_spark_worker_a,599.57%,2.495GiB / 8GiB
1791156049,a3_spark_master,8.86%,1.083GiB / 4GiB
1791156052,a3_spark_worker_b,595.67%,2.612GiB / 8GiB
1791156052,a3_spark_worker_a,598.85%,2.503GiB / 8GiB
1791156052,a3_spark_master,14.92%,1.085GiB / 4GiB
1791156055,a3_spark_worker_b,602.90%,2.723GiB / 8GiB
1791156055,a3_spark_worker_a,587.70%,2.688GiB / 8GiB
1791156055,a3_spark_master,39.55%,1.09GiB / 4GiB
1791156058,a3_spark_worker_b,586.73%,2.75GiB / 8GiB
1791156058,a3_spark_worker_a,600.94%,2.709GiB / 8GiB
1791156058,a3_spark_master,13.80%,1.09GiB / 4GiB
1791156062,a3_spark_worker_b,607.13%,2.769GiB / 8GiB
1791156062,a3_spark_worker_a,598.60%,2.757GiB / 8GiB
1791156062,a3_spark_master,20.74%,1.093GiB / 4GiB
1791156065,a3_spark_worker_b,592.67%,2.796GiB / 8GiB
1791156065,a3_spark_worker_a,599.88%,2.746GiB / 8GiB
1791156065,a3_spark_master,8.58%,1.095GiB / 4GiB
1791156068,a3_spark_worker_b,602.19%,2.61GiB / 8GiB
1791156068,a3_spark_worker_a,608.03%,2.373GiB / 8GiB
1791156068,a3_spark_master,10.43%,1.104GiB / 4GiB
1791156072,a3_spark_worker_b,600.36%,2.629GiB / 8GiB
1791156072,a3_spark_worker_a,600.92%,2.514GiB / 8GiB
1791156072,a3_spark_master,7.98%,1.106GiB / 4GiB
1791156075,a3_spark_worker_b,318.06%,2.674GiB / 8GiB
1791156075,a3_spark_worker_a,239.42%,2.523GiB / 8GiB
1791156075,a3_spark_master,18.58%,1.108GiB / 4GiB
1791156078,a3_spark_worker_b,576.23%,2.484GiB / 8GiB
1791156078,a3_spark_worker_a,340.97%,1.502GiB / 8GiB
1791156078,a3_spark_master,158.65%,1.17GiB / 4GiB
1791156082,a3_spark_worker_b,601.29%,2.206GiB / 8GiB
1791156082,a3_spark_worker_a,602.27%,3.076GiB / 8GiB
1791156082,a3_spark_master,0.70%,1.168GiB / 4GiB
1791156085,a3_spark_worker_b,602.64%,3.1GiB / 8GiB
1791156085,a3_spark_worker_a,597.42%,3.16GiB / 8GiB
1791156085,a3_spark_master,0.55%,1.169GiB / 4GiB
1791156088,a3_spark_worker_b,604.82%,3.107GiB / 8GiB
1791156088,a3_spark_worker_a,597.65%,2.745GiB / 8GiB
1791156088,a3_spark_master,11.57%,1.171GiB / 4GiB
1791156092,a3_spark_worker_b,599.41%,3.115GiB / 8GiB
1791156092,a3_spark_worker_a,598.80%,2.88GiB / 8GiB
1791156092,a3_spark_master,2.78%,1.171GiB / 4GiB
1791156095,a3_spark_worker_b,600.66%,3.124GiB / 8GiB
1791156095,a3_spark_worker_a,599.84%,2.865GiB / 8GiB
1791156095,a3_spark_master,11.67%,1.171GiB / 4GiB
1791156098,a3_spark_worker_b,603.45%,3.127GiB / 8GiB
1791156098,a3_spark_worker_a,601.78%,2.846GiB / 8GiB
1791156098,a3_spark_master,4.93%,1.158GiB / 4GiB
1791156101,a3_spark_worker_b,587.56%,3.128GiB / 8GiB
1791156101,a3_spark_worker_a,590.13%,2.847GiB / 8GiB
1791156101,a3_spark_master,10.98%,1.149GiB / 4GiB
1791156105,a3_spark_worker_b,487.94%,3.133GiB / 8GiB
1791156105,a3_spark_worker_a,601.71%,2.854GiB / 8GiB
1791156105,a3_spark_master,5.16%,1.166GiB / 4GiB
1791156108,a3_spark_worker_b,526.57%,2.493GiB / 8GiB
1791156108,a3_spark_worker_a,531.53%,2.73GiB / 8GiB
1791156108,a3_spark_master,95.23%,1.169GiB / 4GiB
1791156111,a3_spark_worker_b,604.46%,2.716GiB / 8GiB
1791156111,a3_spark_worker_a,597.05%,2.147GiB / 8GiB
1791156111,a3_spark_master,3.62%,1.2GiB / 4GiB
1791156115,a3_spark_worker_b,602.13%,2.677GiB / 8GiB
1791156115,a3_spark_worker_a,600.51%,3.214GiB / 8GiB
1791156115,a3_spark_master,0.84%,1.192GiB / 4GiB
1791156118,a3_spark_worker_b,601.22%,3.052GiB / 8GiB
1791156118,a3_spark_worker_a,601.93%,3.221GiB / 8GiB
1791156118,a3_spark_master,1.23%,1.191GiB / 4GiB
1791156121,a3_spark_worker_b,599.79%,3.058GiB / 8GiB
1791156121,a3_spark_worker_a,600.06%,3.229GiB / 8GiB
1791156121,a3_spark_master,6.48%,1.193GiB / 4GiB
1791156124,a3_spark_worker_b,596.24%,3.066GiB / 8GiB
1791156124,a3_spark_worker_a,602.63%,2.789GiB / 8GiB
1791156124,a3_spark_master,3.46%,1.204GiB / 4GiB
1791156128,a3_spark_worker_b,599.76%,3.072GiB / 8GiB
1791156128,a3_spark_worker_a,602.45%,2.895GiB / 8GiB
1791156128,a3_spark_master,2.08%,1.203GiB / 4GiB
1791156131,a3_spark_worker_b,603.06%,3.082GiB / 8GiB
1791156131,a3_spark_worker_a,605.77%,2.902GiB / 8GiB
1791156131,a3_spark_master,4.33%,1.204GiB / 4GiB
1791156134,a3_spark_worker_b,600.83%,2.996GiB / 8GiB
1791156134,a3_spark_worker_a,599.01%,2.8GiB / 8GiB
1791156134,a3_spark_master,7.31%,1.203GiB / 4GiB
1791156138,a3_spark_worker_b,603.71%,3.002GiB / 8GiB
1791156138,a3_spark_worker_a,601.91%,2.804GiB / 8GiB
1791156138,a3_spark_master,4.28%,1.203GiB / 4GiB
1791156141,a3_spark_worker_b,571.32%,3.007GiB / 8GiB
1791156141,a3_spark_worker_a,600.85%,2.812GiB / 8GiB
1791156141,a3_spark_master,2.42%,1.201GiB / 4GiB
1791156144,a3_spark_worker_b,0.24%,2.379GiB / 8GiB
1791156144,a3_spark_worker_a,489.60%,2.809GiB / 8GiB
1791156144,a3_spark_master,0.68%,1.201GiB / 4GiB
1791156148,a3_spark_worker_b,598.80%,3.563GiB / 8GiB
1791156148,a3_spark_worker_a,602.09%,3.654GiB / 8GiB
1791156148,a3_spark_master,25.36%,1.226GiB / 4GiB
1791156151,a3_spark_worker_b,601.15%,4.802GiB / 8GiB
1791156151,a3_spark_worker_a,600.95%,4.263GiB / 8GiB
1791156151,a3_spark_master,0.88%,1.213GiB / 4GiB
1791156154,a3_spark_worker_b,597.45%,4.942GiB / 8GiB
1791156154,a3_spark_worker_a,592.88%,4.908GiB / 8GiB
1791156154,a3_spark_master,0.86%,1.213GiB / 4GiB
1791156157,a3_spark_worker_b,603.61%,4.979GiB / 8GiB
1791156157,a3_spark_worker_a,597.50%,4.926GiB / 8GiB
1791156157,a3_spark_master,0.61%,1.213GiB / 4GiB
1791156161,a3_spark_worker_b,599.53%,3.687GiB / 8GiB
1791156161,a3_spark_worker_a,606.04%,4.169GiB / 8GiB
1791156161,a3_spark_master,15.10%,1.215GiB / 4GiB
1791156164,a3_spark_worker_b,598.14%,4.639GiB / 8GiB
1791156164,a3_spark_worker_a,597.29%,3.941GiB / 8GiB
1791156164,a3_spark_master,18.86%,1.226GiB / 4GiB
1791156167,a3_spark_worker_b,605.68%,4.923GiB / 8GiB
1791156167,a3_spark_worker_a,600.91%,4.54GiB / 8GiB
1791156167,a3_spark_master,1.31%,1.225GiB / 4GiB
1791156171,a3_spark_worker_b,601.50%,5.001GiB / 8GiB
1791156171,a3_spark_worker_a,601.66%,4.698GiB / 8GiB
1791156171,a3_spark_master,2.05%,1.221GiB / 4GiB
1791156174,a3_spark_worker_b,602.99%,5.009GiB / 8GiB
1791156174,a3_spark_worker_a,602.24%,4.703GiB / 8GiB
1791156174,a3_spark_master,1.74%,1.222GiB / 4GiB
1791156177,a3_spark_worker_b,597.85%,4.999GiB / 8GiB
1791156177,a3_spark_worker_a,577.37%,4.678GiB / 8GiB
1791156177,a3_spark_master,4.67%,1.217GiB / 4GiB
1791156181,a3_spark_worker_b,575.40%,4.991GiB / 8GiB
1791156181,a3_spark_worker_a,0.34%,4.66GiB / 8GiB
1791156181,a3_spark_master,6.09%,1.218GiB / 4GiB
1791156184,a3_spark_worker_b,599.91%,4.992GiB / 8GiB
1791156184,a3_spark_worker_a,595.47%,4.76GiB / 8GiB
1791156184,a3_spark_master,2.16%,1.229GiB / 4GiB
1791156187,a3_spark_worker_b,596.61%,4.992GiB / 8GiB
1791156187,a3_spark_worker_a,606.62%,4.746GiB / 8GiB
1791156187,a3_spark_master,1.34%,1.229GiB / 4GiB
1791156190,a3_spark_worker_b,594.48%,4.885GiB / 8GiB
1791156190,a3_spark_worker_a,603.69%,4.439GiB / 8GiB
1791156190,a3_spark_master,1.59%,1.23GiB / 4GiB
1791156194,a3_spark_worker_b,601.28%,4.882GiB / 8GiB
1791156194,a3_spark_worker_a,585.75%,4.379GiB / 8GiB
1791156194,a3_spark_master,46.73%,1.232GiB / 4GiB
1791156197,a3_spark_worker_b,601.01%,4.881GiB / 8GiB
1791156197,a3_spark_worker_a,606.04%,4.412GiB / 8GiB
1791156197,a3_spark_master,22.01%,1.233GiB / 4GiB
1791156200,a3_spark_worker_b,601.61%,4.88GiB / 8GiB
1791156200,a3_spark_worker_a,599.14%,4.355GiB / 8GiB
1791156200,a3_spark_master,47.10%,1.25GiB / 4GiB
1791156204,a3_spark_worker_b,603.01%,4.877GiB / 8GiB
1791156204,a3_spark_worker_a,606.33%,4.36GiB / 8GiB
1791156204,a3_spark_master,1.39%,1.25GiB / 4GiB
1791156207,a3_spark_worker_b,601.00%,4.876GiB / 8GiB
1791156207,a3_spark_worker_a,597.06%,4.33GiB / 8GiB
1791156207,a3_spark_master,2.00%,1.246GiB / 4GiB
1791156210,a3_spark_worker_b,601.12%,4.876GiB / 8GiB
1791156210,a3_spark_worker_a,603.93%,4.375GiB / 8GiB
1791156210,a3_spark_master,2.98%,1.247GiB / 4GiB
1791156214,a3_spark_worker_b,604.95%,4.847GiB / 8GiB
1791156214,a3_spark_worker_a,601.02%,4.379GiB / 8GiB
1791156214,a3_spark_master,0.87%,1.247GiB / 4GiB
1791156217,a3_spark_worker_b,602.69%,4.847GiB / 8GiB
1791156217,a3_spark_worker_a,602.50%,4.332GiB / 8GiB
1791156217,a3_spark_master,1.32%,1.246GiB / 4GiB
1791156220,a3_spark_worker_b,576.70%,2.754GiB / 8GiB
1791156220,a3_spark_worker_a,556.40%,2.432GiB / 8GiB
1791156220,a3_spark_master,40.90%,1.249GiB / 4GiB
1791156223,a3_spark_worker_b,594.25%,2.894GiB / 8GiB
1791156223,a3_spark_worker_a,582.29%,2.998GiB / 8GiB
1791156223,a3_spark_master,3.13%,1.273GiB / 4GiB
1791156227,a3_spark_worker_b,601.04%,2.919GiB / 8GiB
1791156227,a3_spark_worker_a,583.40%,3.155GiB / 8GiB
1791156227,a3_spark_master,4.51%,1.27GiB / 4GiB
1791156230,a3_spark_worker_b,600.88%,2.941GiB / 8GiB
1791156230,a3_spark_worker_a,600.12%,3.203GiB / 8GiB
1791156230,a3_spark_master,3.76%,1.27GiB / 4GiB
1791156233,a3_spark_worker_b,605.94%,4.255GiB / 8GiB
1791156233,a3_spark_worker_a,600.99%,4.13GiB / 8GiB
1791156233,a3_spark_master,21.25%,1.272GiB / 4GiB
1791156237,a3_spark_worker_b,603.75%,4.827GiB / 8GiB
1791156237,a3_spark_worker_a,603.89%,4.507GiB / 8GiB
1791156237,a3_spark_master,20.92%,1.274GiB / 4GiB
1791156240,a3_spark_worker_b,601.32%,4.765GiB / 8GiB
1791156240,a3_spark_worker_a,605.96%,4.973GiB / 8GiB
1791156240,a3_spark_master,11.71%,1.286GiB / 4GiB
1791156243,a3_spark_worker_b,608.78%,4.765GiB / 8GiB
1791156243,a3_spark_worker_a,603.63%,4.976GiB / 8GiB
1791156243,a3_spark_master,4.81%,1.298GiB / 4GiB
1791156247,a3_spark_worker_b,605.36%,4.792GiB / 8GiB
1791156247,a3_spark_worker_a,601.05%,4.864GiB / 8GiB
1791156247,a3_spark_master,1.51%,1.298GiB / 4GiB
1791156249,a3_spark_worker_b,603.98%,4.87GiB / 8GiB
1791156249,a3_spark_worker_a,585.81%,4.862GiB / 8GiB
1791156249,a3_spark_master,1.45%,1.297GiB / 4GiB
1791156252,a3_spark_worker_b,217.04%,4.858GiB / 8GiB
1791156252,a3_spark_worker_a,116.90%,4.863GiB / 8GiB
1791156252,a3_spark_master,50.89%,1.331GiB / 4GiB
1791156256,a3_spark_worker_b,594.53%,5.008GiB / 8GiB
1791156256,a3_spark_worker_a,603.65%,4.994GiB / 8GiB
1791156256,a3_spark_master,8.71%,1.329GiB / 4GiB
1791156259,a3_spark_worker_b,606.05%,5.175GiB / 8GiB
1791156259,a3_spark_worker_a,602.90%,5.001GiB / 8GiB
1791156259,a3_spark_master,2.09%,1.311GiB / 4GiB
1791156262,a3_spark_worker_b,594.16%,5.143GiB / 8GiB
1791156262,a3_spark_worker_a,602.85%,5.069GiB / 8GiB
1791156262,a3_spark_master,26.77%,1.312GiB / 4GiB
1791156265,a3_spark_worker_b,604.70%,5.142GiB / 8GiB
1791156265,a3_spark_worker_a,595.85%,5GiB / 8GiB
1791156265,a3_spark_master,7.19%,1.314GiB / 4GiB
1791156269,a3_spark_worker_b,595.68%,5.144GiB / 8GiB
1791156269,a3_spark_worker_a,588.16%,4.998GiB / 8GiB
1791156269,a3_spark_master,0.83%,1.313GiB / 4GiB
1791156272,a3_spark_worker_b,602.94%,5.143GiB / 8GiB
1791156272,a3_spark_worker_a,601.56%,5.038GiB / 8GiB
1791156272,a3_spark_master,0.93%,1.313GiB / 4GiB
1791156275,a3_spark_worker_b,603.23%,5.14GiB / 8GiB
1791156275,a3_spark_worker_a,598.87%,5.245GiB / 8GiB
1791156275,a3_spark_master,0.63%,1.313GiB / 4GiB
1791156279,a3_spark_worker_b,596.46%,5.142GiB / 8GiB
1791156279,a3_spark_worker_a,603.34%,5.228GiB / 8GiB
1791156279,a3_spark_master,1.42%,1.313GiB / 4GiB
1791156282,a3_spark_worker_b,599.44%,5.142GiB / 8GiB
1791156282,a3_spark_worker_a,592.22%,5.203GiB / 8GiB
1791156282,a3_spark_master,2.34%,1.308GiB / 4GiB
1791156285,a3_spark_worker_b,600.30%,5.141GiB / 8GiB
1791156285,a3_spark_worker_a,601.10%,5.204GiB / 8GiB
1791156285,a3_spark_master,0.59%,1.307GiB / 4GiB
1791156289,a3_spark_worker_b,602.59%,5.14GiB / 8GiB
1791156289,a3_spark_worker_a,599.98%,5.204GiB / 8GiB
1791156289,a3_spark_master,1.13%,1.307GiB / 4GiB
1791156292,a3_spark_worker_b,595.62%,5.145GiB / 8GiB
1791156292,a3_spark_worker_a,601.43%,5.204GiB / 8GiB
1791156292,a3_spark_master,1.54%,1.307GiB / 4GiB
1791156295,a3_spark_worker_b,605.95%,5.141GiB / 8GiB
1791156295,a3_spark_worker_a,597.49%,5.205GiB / 8GiB
1791156295,a3_spark_master,1.02%,1.306GiB / 4GiB
1791156299,a3_spark_worker_b,603.72%,5.142GiB / 8GiB
1791156299,a3_spark_worker_a,603.10%,5.217GiB / 8GiB
1791156299,a3_spark_master,1.76%,1.307GiB / 4GiB
1791156302,a3_spark_worker_b,567.50%,5.244GiB / 8GiB
1791156302,a3_spark_worker_a,315.99%,5.204GiB / 8GiB
1791156302,a3_spark_master,0.65%,1.306GiB / 4GiB
1791156305,a3_spark_worker_b,424.27%,5.25GiB / 8GiB
1791156305,a3_spark_worker_a,104.73%,4.2GiB / 8GiB
1791156305,a3_spark_master,3.47%,1.306GiB / 4GiB
1791156308,a3_spark_worker_b,387.97%,5.252GiB / 8GiB
1791156308,a3_spark_worker_a,78.69%,3.711GiB / 8GiB
1791156308,a3_spark_master,0.44%,1.306GiB / 4GiB
1791156312,a3_spark_worker_b,497.58%,2.848GiB / 8GiB
1791156312,a3_spark_worker_a,480.01%,2.477GiB / 8GiB
1791156312,a3_spark_master,40.88%,1.308GiB / 4GiB
1791156315,a3_spark_worker_b,596.40%,2.77GiB / 8GiB
1791156315,a3_spark_worker_a,602.30%,3.277GiB / 8GiB
1791156315,a3_spark_master,5.14%,1.335GiB / 4GiB
1791156318,a3_spark_worker_b,600.37%,4.994GiB / 8GiB
1791156318,a3_spark_worker_a,594.34%,4.995GiB / 8GiB
1791156318,a3_spark_master,0.61%,1.337GiB / 4GiB
1791156322,a3_spark_worker_b,598.93%,5.547GiB / 8GiB
1791156322,a3_spark_worker_a,596.27%,4.982GiB / 8GiB
1791156322,a3_spark_master,0.33%,1.337GiB / 4GiB
1791156325,a3_spark_worker_b,598.65%,5.66GiB / 8GiB
1791156325,a3_spark_worker_a,603.48%,4.994GiB / 8GiB
1791156325,a3_spark_master,1.11%,1.337GiB / 4GiB
1791156328,a3_spark_worker_b,600.94%,5.68GiB / 8GiB
1791156328,a3_spark_worker_a,598.58%,5.03GiB / 8GiB
1791156328,a3_spark_master,1.31%,1.338GiB / 4GiB
1791156332,a3_spark_worker_b,600.03%,5.689GiB / 8GiB
1791156332,a3_spark_worker_a,605.06%,5.666GiB / 8GiB
1791156332,a3_spark_master,2.24%,1.337GiB / 4GiB
1791156335,a3_spark_worker_b,604.02%,5.705GiB / 8GiB
1791156335,a3_spark_worker_a,600.45%,5.681GiB / 8GiB
1791156335,a3_spark_master,0.35%,1.336GiB / 4GiB
1791156338,a3_spark_worker_b,604.83%,5.704GiB / 8GiB
1791156338,a3_spark_worker_a,600.73%,5.678GiB / 8GiB
1791156338,a3_spark_master,20.73%,1.337GiB / 4GiB
1791156341,a3_spark_worker_b,603.82%,5.705GiB / 8GiB
1791156341,a3_spark_worker_a,594.29%,5.67GiB / 8GiB
1791156341,a3_spark_master,0.57%,1.337GiB / 4GiB
1791156345,a3_spark_worker_b,611.97%,5.692GiB / 8GiB
1791156345,a3_spark_worker_a,591.08%,5.655GiB / 8GiB
1791156345,a3_spark_master,0.89%,1.337GiB / 4GiB
1791156348,a3_spark_worker_b,601.40%,5.678GiB / 8GiB
1791156348,a3_spark_worker_a,598.82%,5.639GiB / 8GiB
1791156348,a3_spark_master,0.35%,1.338GiB / 4GiB
1791156351,a3_spark_worker_b,599.75%,5.698GiB / 8GiB
1791156351,a3_spark_worker_a,599.36%,5.633GiB / 8GiB
1791156351,a3_spark_master,0.31%,1.337GiB / 4GiB
1791156355,a3_spark_worker_b,599.24%,5.685GiB / 8GiB
1791156355,a3_spark_worker_a,602.26%,5.609GiB / 8GiB
1791156355,a3_spark_master,0.36%,1.337GiB / 4GiB
1791156358,a3_spark_worker_b,598.48%,5.665GiB / 8GiB
1791156358,a3_spark_worker_a,598.01%,5.617GiB / 8GiB
1791156358,a3_spark_master,1.04%,1.338GiB / 4GiB
1791156361,a3_spark_worker_b,602.82%,5.686GiB / 8GiB
1791156361,a3_spark_worker_a,601.46%,5.636GiB / 8GiB
1791156361,a3_spark_master,1.55%,1.338GiB / 4GiB
1791156365,a3_spark_worker_b,598.25%,5.681GiB / 8GiB
1791156365,a3_spark_worker_a,601.09%,5.635GiB / 8GiB
1791156365,a3_spark_master,2.12%,1.337GiB / 4GiB
1791156368,a3_spark_worker_b,594.23%,5.667GiB / 8GiB
1791156368,a3_spark_worker_a,605.03%,5.645GiB / 8GiB
1791156368,a3_spark_master,1.66%,1.337GiB / 4GiB
1791156371,a3_spark_worker_b,597.58%,5.684GiB / 8GiB
1791156371,a3_spark_worker_a,602.41%,5.661GiB / 8GiB
1791156371,a3_spark_master,0.27%,1.337GiB / 4GiB
1791156375,a3_spark_worker_b,586.02%,5.671GiB / 8GiB
1791156375,a3_spark_worker_a,602.92%,5.66GiB / 8GiB
1791156375,a3_spark_master,0.56%,1.335GiB / 4GiB
1791156378,a3_spark_worker_b,604.47%,5.642GiB / 8GiB
1791156378,a3_spark_worker_a,600.07%,5.641GiB / 8GiB
1791156378,a3_spark_master,0.37%,1.331GiB / 4GiB
1791156381,a3_spark_worker_b,598.36%,5.669GiB / 8GiB
1791156381,a3_spark_worker_a,600.98%,5.622GiB / 8GiB
1791156381,a3_spark_master,1.03%,1.332GiB / 4GiB
1791156384,a3_spark_worker_b,599.32%,5.685GiB / 8GiB
1791156384,a3_spark_worker_a,599.80%,5.633GiB / 8GiB
1791156384,a3_spark_master,0.79%,1.331GiB / 4GiB
1791156388,a3_spark_worker_b,597.88%,5.688GiB / 8GiB
1791156388,a3_spark_worker_a,596.34%,5.62GiB / 8GiB
1791156388,a3_spark_master,0.91%,1.331GiB / 4GiB
1791156391,a3_spark_worker_b,599.52%,5.672GiB / 8GiB
1791156391,a3_spark_worker_a,599.81%,5.613GiB / 8GiB
1791156391,a3_spark_master,1.63%,1.331GiB / 4GiB
1791156394,a3_spark_worker_b,599.01%,5.688GiB / 8GiB
1791156394,a3_spark_worker_a,597.72%,5.622GiB / 8GiB
1791156394,a3_spark_master,0.26%,1.33GiB / 4GiB
1791156398,a3_spark_worker_b,600.15%,5.65GiB / 8GiB
1791156398,a3_spark_worker_a,599.79%,5.661GiB / 8GiB
1791156398,a3_spark_master,0.44%,1.331GiB / 4GiB
1791156401,a3_spark_worker_b,610.34%,5.639GiB / 8GiB
1791156401,a3_spark_worker_a,596.58%,5.661GiB / 8GiB
1791156401,a3_spark_master,2.13%,1.332GiB / 4GiB
1791156404,a3_spark_worker_b,600.81%,5.668GiB / 8GiB
1791156404,a3_spark_worker_a,603.39%,5.625GiB / 8GiB
1791156404,a3_spark_master,0.57%,1.331GiB / 4GiB
1791156408,a3_spark_worker_b,602.76%,5.707GiB / 8GiB
1791156408,a3_spark_worker_a,592.82%,5.632GiB / 8GiB
1791156408,a3_spark_master,2.88%,1.333GiB / 4GiB
1791156411,a3_spark_worker_b,507.46%,5.729GiB / 8GiB
1791156411,a3_spark_worker_a,339.31%,5.617GiB / 8GiB
1791156411,a3_spark_master,0.72%,1.332GiB / 4GiB
1791156414,a3_spark_worker_b,595.00%,5.72GiB / 8GiB
1791156414,a3_spark_worker_a,101.29%,5.602GiB / 8GiB
1791156414,a3_spark_master,0.39%,1.331GiB / 4GiB
1791156417,a3_spark_worker_b,517.33%,5.697GiB / 8GiB
1791156417,a3_spark_worker_a,104.19%,5.596GiB / 8GiB
1791156417,a3_spark_master,0.36%,1.331GiB / 4GiB
1791156421,a3_spark_worker_b,457.34%,5.652GiB / 8GiB
1791156421,a3_spark_worker_a,0.37%,5.58GiB / 8GiB
1791156421,a3_spark_master,0.40%,1.332GiB / 4GiB
1791156424,a3_spark_worker_b,145.15%,5.62GiB / 8GiB
1791156424,a3_spark_worker_a,0.39%,5.579GiB / 8GiB
1791156424,a3_spark_master,1.13%,1.332GiB / 4GiB
1791156427,a3_spark_worker_b,238.58%,946.2MiB / 8GiB
1791156427,a3_spark_worker_a,133.62%,245.8MiB / 8GiB
1791156427,a3_spark_master,35.33%,1.334GiB / 4GiB
